,FID_Bounded_groups3_1,Field3_1,POINT_X,POINT_Y
0,16,Fairy Meadows Group,-110.8500294,44.54620354
1,16,Fairy Meadows Group,-110.8501266,44.54620354
2,16,Fairy Meadows Group,-110.8502232,44.54621068
3,16,Fairy Meadows Group,-110.8503184,44.5462249
4,16,Fairy Meadows Group,-110.8504109,44.54624603
5,16,Fairy Meadows Group,-110.8505,44.54627386
6,16,Fairy Meadows Group,-110.8505845,44.54630808
7,16,Fairy Meadows Group,-110.8506637,44.54634834
8,16,Fairy Meadows Group,-110.8507367,44.54639422
9,16,Fairy Meadows Group,-110.8508027,44.54644521
10,16,Fairy Meadows Group,-110.850861,44.54650079
11,16,Fairy Meadows Group,-110.8509111,44.54656037
12,16,Fairy Meadows Group,-110.8509523,44.5466233
13,16,Fairy Meadows Group,-110.8509842,44.54668893
14,16,Fairy Meadows Group,-110.8510065,44.54675657
15,16,Fairy Meadows Group,-110.851019,44.54682548
16,16,Fairy Meadows Group,-110.8510215,44.54689494
17,16,Fairy Meadows Group,-110.851014,44.54696423
18,16,Fairy Meadows Group,-110.8509966,44.54703259
19,16,Fairy Meadows Group,-110.8509694,44.54709931
20,16,Fairy Meadows Group,-110.8448848,44.55901057
21,16,Fairy Meadows Group,-110.8448482,44.55907494
22,16,Fairy Meadows Group,-110.8448025,44.55913628
23,16,Fairy Meadows Group,-110.8447482,44.55919393
24,16,Fairy Meadows Group,-110.844686,44.55924729
25,16,Fairy Meadows Group,-110.8446164,44.55929579
26,16,Fairy Meadows Group,-110.8445402,44.55933891
27,16,Fairy Meadows Group,-110.8444582,44.55937621
28,16,Fairy Meadows Group,-110.8443712,44.55940728
29,16,Fairy Meadows Group,-110.8442803,44.55943179
30,16,Fairy Meadows Group,-110.8441863,44.55944949
31,16,Fairy Meadows Group,-110.8440903,44.55946018
32,16,Fairy Meadows Group,-110.8439932,44.55946376
33,16,Fairy Meadows Group,-110.8438961,44.55946018
34,16,Fairy Meadows Group,-110.8438001,44.55944949
35,16,Fairy Meadows Group,-110.8437061,44.55943179
36,16,Fairy Meadows Group,-110.8436152,44.55940728
37,16,Fairy Meadows Group,-110.8435282,44.55937621
38,16,Fairy Meadows Group,-110.8434462,44.55933891
39,16,Fairy Meadows Group,-110.84337,44.55929579
40,16,Fairy Meadows Group,-110.8433004,44.55924729
41,16,Fairy Meadows Group,-110.8432382,44.55919393
42,16,Fairy Meadows Group,-110.8431839,44.55913628
43,16,Fairy Meadows Group,-110.8431382,44.55907494
44,16,Fairy Meadows Group,-110.8431016,44.55901057
45,16,Fairy Meadows Group,-110.8430744,44.55894385
46,16,Fairy Meadows Group,-110.843057,44.55887549
47,16,Fairy Meadows Group,-110.8430495,44.5588062
48,16,Fairy Meadows Group,-110.843052,44.55873674
49,16,Fairy Meadows Group,-110.8430645,44.55866783
50,16,Fairy Meadows Group,-110.8430868,44.55860019
51,16,Fairy Meadows Group,-110.8431188,44.55853456
52,16,Fairy Meadows Group,-110.8492037,44.5466233
53,16,Fairy Meadows Group,-110.8492449,44.54656037
54,16,Fairy Meadows Group,-110.849295,44.54650079
55,16,Fairy Meadows Group,-110.8493533,44.54644521
56,16,Fairy Meadows Group,-110.8494193,44.54639422
57,16,Fairy Meadows Group,-110.8494923,44.54634834
58,16,Fairy Meadows Group,-110.8495715,44.54630808
59,16,Fairy Meadows Group,-110.849656,44.54627386
60,16,Fairy Meadows Group,-110.8497451,44.54624603
61,16,Fairy Meadows Group,-110.8498376,44.5462249
62,16,Fairy Meadows Group,-110.8499328,44.54621068
63,16,Fairy Meadows Group,-110.8500294,44.54620354
64,17,Fairy Springs,-110.860951,44.5425892
65,17,Fairy Springs,-110.8610482,44.5425892
66,17,Fairy Springs,-110.8611448,44.54259634
67,17,Fairy Springs,-110.8612399,44.54261056
68,17,Fairy Springs,-110.8613325,44.54263169
69,17,Fairy Springs,-110.8614215,44.54265951
70,17,Fairy Springs,-110.8615061,44.54269374
71,17,Fairy Springs,-110.8615853,44.542734
72,17,Fairy Springs,-110.8616583,44.54277988
73,17,Fairy Springs,-110.8617243,44.54283087
74,17,Fairy Springs,-110.8617826,44.54288645
75,17,Fairy Springs,-110.8618326,44.54294603
76,17,Fairy Springs,-110.8618738,44.54300896
77,17,Fairy Springs,-110.8619057,44.54307459
78,17,Fairy Springs,-110.8619281,44.54314222
79,17,Fairy Springs,-110.8619405,44.54321114
80,17,Fairy Springs,-110.861943,44.5432806
81,17,Fairy Springs,-110.8619355,44.54334989
82,17,Fairy Springs,-110.8619181,44.54341825
83,17,Fairy Springs,-110.861891,44.54348497
84,17,Fairy Springs,-110.8618544,44.54354934
85,17,Fairy Springs,-110.8618087,44.54361068
86,17,Fairy Springs,-110.8617544,44.54366833
87,17,Fairy Springs,-110.8616922,44.54372169
88,17,Fairy Springs,-110.8616226,44.54377019
89,17,Fairy Springs,-110.8615464,44.54381332
90,17,Fairy Springs,-110.8614644,44.54385061
91,17,Fairy Springs,-110.8613775,44.54388168
92,17,Fairy Springs,-110.8612866,44.54390619
93,17,Fairy Springs,-110.8611926,44.54392389
94,17,Fairy Springs,-110.8610966,44.54393458
95,17,Fairy Springs,-110.8609996,44.54393816
96,17,Fairy Springs,-110.8609026,44.54393458
97,17,Fairy Springs,-110.8608066,44.54392389
98,17,Fairy Springs,-110.8607126,44.54390619
99,17,Fairy Springs,-110.8606217,44.54388168
100,17,Fairy Springs,-110.8605348,44.54385061
101,17,Fairy Springs,-110.8604528,44.54381332
102,17,Fairy Springs,-110.8603766,44.54377019
103,17,Fairy Springs,-110.860307,44.54372169
104,17,Fairy Springs,-110.8602448,44.54366833
105,17,Fairy Springs,-110.8601905,44.54361068
106,17,Fairy Springs,-110.8601448,44.54354934
107,17,Fairy Springs,-110.8601082,44.54348497
108,17,Fairy Springs,-110.8600811,44.54341825
109,17,Fairy Springs,-110.8600637,44.54334989
110,17,Fairy Springs,-110.8600562,44.5432806
111,17,Fairy Springs,-110.8600587,44.54321114
112,17,Fairy Springs,-110.8600711,44.54314222
113,17,Fairy Springs,-110.8600935,44.54307459
114,17,Fairy Springs,-110.8601254,44.54300896
115,17,Fairy Springs,-110.8601666,44.54294603
116,17,Fairy Springs,-110.8602166,44.54288645
117,17,Fairy Springs,-110.8602749,44.54283087
118,17,Fairy Springs,-110.8603409,44.54277988
119,17,Fairy Springs,-110.8604139,44.542734
120,17,Fairy Springs,-110.8604931,44.54269374
121,17,Fairy Springs,-110.8605777,44.54265951
122,17,Fairy Springs,-110.8606667,44.54263169
123,17,Fairy Springs,-110.8607593,44.54261056
124,17,Fairy Springs,-110.8608544,44.54259634
125,17,Fairy Springs,-110.860951,44.5425892
126,18,Firehole Lake Group,-110.7885561,44.54316447
127,18,Firehole Lake Group,-110.7886533,44.54316447
128,18,Firehole Lake Group,-110.7887499,44.54317161
129,18,Firehole Lake Group,-110.788845,44.54318583
130,18,Firehole Lake Group,-110.7889376,44.54320696
131,18,Firehole Lake Group,-110.7890266,44.54323478
132,18,Firehole Lake Group,-110.7891112,44.54326901
133,18,Firehole Lake Group,-110.7891904,44.54330927
134,18,Firehole Lake Group,-110.7892634,44.54335515
135,18,Firehole Lake Group,-110.7893294,44.54340614
136,18,Firehole Lake Group,-110.7893877,44.54346172
137,18,Firehole Lake Group,-110.7894377,44.5435213
138,18,Firehole Lake Group,-110.7894789,44.54358423
139,18,Firehole Lake Group,-110.7895108,44.54364986
140,18,Firehole Lake Group,-110.7900908,44.54491253
141,18,Firehole Lake Group,-110.7901131,44.54498017
142,18,Firehole Lake Group,-110.7901256,44.54504908
143,18,Firehole Lake Group,-110.7901281,44.54511854
144,18,Firehole Lake Group,-110.7901206,44.54518783
145,18,Firehole Lake Group,-110.7901031,44.54525619
146,18,Firehole Lake Group,-110.790076,44.54532291
147,18,Firehole Lake Group,-110.7900394,44.54538728
148,18,Firehole Lake Group,-110.7899937,44.54544862
149,18,Firehole Lake Group,-110.7899395,44.54550627
150,18,Firehole Lake Group,-110.7898772,44.54555963
151,18,Firehole Lake Group,-110.7898076,44.54560813
152,18,Firehole Lake Group,-110.7897314,44.54565125
153,18,Firehole Lake Group,-110.7896495,44.54568855
154,18,Firehole Lake Group,-110.7895625,44.54571962
155,18,Firehole Lake Group,-110.7894716,44.54574413
156,18,Firehole Lake Group,-110.7893777,44.54576183
157,18,Firehole Lake Group,-110.7892816,44.54577252
158,18,Firehole Lake Group,-110.7891846,44.5457761
159,18,Firehole Lake Group,-110.7890876,44.54577252
160,18,Firehole Lake Group,-110.7889915,44.54576183
161,18,Firehole Lake Group,-110.7888976,44.54574413
162,18,Firehole Lake Group,-110.7838851,44.54473323
163,18,Firehole Lake Group,-110.7837942,44.54470872
164,18,Firehole Lake Group,-110.7837072,44.54467765
165,18,Firehole Lake Group,-110.7836253,44.54464036
166,18,Firehole Lake Group,-110.7835491,44.54459723
167,18,Firehole Lake Group,-110.7834795,44.54454873
168,18,Firehole Lake Group,-110.7834172,44.54449537
169,18,Firehole Lake Group,-110.783363,44.54443772
170,18,Firehole Lake Group,-110.7833173,44.54437638
171,18,Firehole Lake Group,-110.7832807,44.54431201
172,18,Firehole Lake Group,-110.7832536,44.54424529
173,18,Firehole Lake Group,-110.7832362,44.54417693
174,18,Firehole Lake Group,-110.7832287,44.54410764
175,18,Firehole Lake Group,-110.7832312,44.54403818
176,18,Firehole Lake Group,-110.7832436,44.54396927
177,18,Firehole Lake Group,-110.783266,44.54390163
178,18,Firehole Lake Group,-110.7832979,44.543836
179,18,Firehole Lake Group,-110.7833391,44.54377307
180,18,Firehole Lake Group,-110.7833891,44.54371349
181,18,Firehole Lake Group,-110.7834474,44.54365791
182,18,Firehole Lake Group,-110.7835134,44.54360692
183,18,Firehole Lake Group,-110.7835864,44.54356104
184,18,Firehole Lake Group,-110.7838305,44.5434199
185,18,Firehole Lake Group,-110.7839097,44.54337964
186,18,Firehole Lake Group,-110.7839943,44.54334541
187,18,Firehole Lake Group,-110.7840833,44.54331759
188,18,Firehole Lake Group,-110.7841759,44.54329646
189,18,Firehole Lake Group,-110.784271,44.54328224
190,18,Firehole Lake Group,-110.7843676,44.5432751
191,18,Firehole Lake Group,-110.7885561,44.54316447
192,20,Fountain Group,-110.8065844,44.54895137
193,20,Fountain Group,-110.8066816,44.54895137
194,20,Fountain Group,-110.8067782,44.54895851
195,20,Fountain Group,-110.8102162,44.54930711
196,20,Fountain Group,-110.8103114,44.54932133
197,20,Fountain Group,-110.8104039,44.54934246
198,20,Fountain Group,-110.810493,44.54937029
199,20,Fountain Group,-110.8105776,44.54940451
200,20,Fountain Group,-110.8106568,44.54944477
201,20,Fountain Group,-110.8107298,44.54949065
202,20,Fountain Group,-110.8107958,44.54954164
203,20,Fountain Group,-110.8108541,44.54959722
204,20,Fountain Group,-110.8115283,44.55031292
205,20,Fountain Group,-110.8115783,44.5503725
206,20,Fountain Group,-110.8116195,44.55043543
207,20,Fountain Group,-110.8116514,44.55050106
208,20,Fountain Group,-110.8116738,44.5505687
209,20,Fountain Group,-110.8116862,44.55063761
210,20,Fountain Group,-110.8116888,44.55070707
211,20,Fountain Group,-110.8116813,44.55077636
212,20,Fountain Group,-110.8116638,44.55084472
213,20,Fountain Group,-110.8116367,44.55091144
214,20,Fountain Group,-110.8116001,44.55097581
215,20,Fountain Group,-110.8115544,44.55103715
216,20,Fountain Group,-110.8115001,44.5510948
217,20,Fountain Group,-110.8114379,44.55114816
218,20,Fountain Group,-110.8113683,44.55119666
219,20,Fountain Group,-110.810407,44.55185279
220,20,Fountain Group,-110.8103308,44.55189591
221,20,Fountain Group,-110.8095069,44.55235367
222,20,Fountain Group,-110.8094249,44.55239097
223,20,Fountain Group,-110.809338,44.55242204
224,20,Fountain Group,-110.8092471,44.55244655
225,20,Fountain Group,-110.8091531,44.55246425
226,20,Fountain Group,-110.8090571,44.55247494
227,20,Fountain Group,-110.80896,44.55247852
228,20,Fountain Group,-110.8088629,44.55247494
229,20,Fountain Group,-110.8087669,44.55246425
230,20,Fountain Group,-110.8086729,44.55244655
231,20,Fountain Group,-110.805697,44.55185796
232,20,Fountain Group,-110.805606,44.55183345
233,20,Fountain Group,-110.8055191,44.55180238
234,20,Fountain Group,-110.8054371,44.55176508
235,20,Fountain Group,-110.8053609,44.55172196
236,20,Fountain Group,-110.8052913,44.55167346
237,20,Fountain Group,-110.805229,44.5516201
238,20,Fountain Group,-110.8051748,44.55156245
239,20,Fountain Group,-110.8051291,44.55150111
240,20,Fountain Group,-110.8050925,44.55143674
241,20,Fountain Group,-110.8050654,44.55137002
242,20,Fountain Group,-110.8050479,44.55130166
243,20,Fountain Group,-110.8049112,44.55027282
244,20,Fountain Group,-110.8049037,44.55020353
245,20,Fountain Group,-110.8049062,44.55013407
246,20,Fountain Group,-110.8049186,44.55006516
247,20,Fountain Group,-110.804941,44.54999752
248,20,Fountain Group,-110.8049729,44.54993189
249,20,Fountain Group,-110.8050141,44.54986896
250,20,Fountain Group,-110.8050641,44.54980938
251,20,Fountain Group,-110.8051224,44.5497538
252,20,Fountain Group,-110.8051884,44.54970281
253,20,Fountain Group,-110.8059743,44.54914205
254,20,Fountain Group,-110.8060472,44.54909617
255,20,Fountain Group,-110.8061264,44.54905591
256,20,Fountain Group,-110.806211,44.54902169
257,20,Fountain Group,-110.8063001,44.54899386
258,20,Fountain Group,-110.8063926,44.54897273
259,20,Fountain Group,-110.8064878,44.54895851
260,20,Fountain Group,-110.8065844,44.54895137
261,28,Imperial Group,-110.8733705,44.53106696
262,28,Imperial Group,-110.8734677,44.53106696
263,28,Imperial Group,-110.8763178,44.53109747
264,28,Imperial Group,-110.8764144,44.53110461
265,28,Imperial Group,-110.8765095,44.53111882
266,28,Imperial Group,-110.876602,44.53113996
267,28,Imperial Group,-110.8766911,44.53116778
268,28,Imperial Group,-110.8767756,44.53120201
269,28,Imperial Group,-110.8768548,44.53124227
270,28,Imperial Group,-110.8769277,44.53128815
271,28,Imperial Group,-110.8769937,44.53133914
272,28,Imperial Group,-110.877052,44.53139472
273,28,Imperial Group,-110.8771021,44.5314543
274,28,Imperial Group,-110.8771432,44.53151723
275,28,Imperial Group,-110.8771752,44.53158286
276,28,Imperial Group,-110.8771975,44.53165049
277,28,Imperial Group,-110.8772099,44.53171941
278,28,Imperial Group,-110.8772124,44.53178887
279,28,Imperial Group,-110.8772049,44.53185816
280,28,Imperial Group,-110.8771875,44.53192652
281,28,Imperial Group,-110.8771604,44.53199324
282,28,Imperial Group,-110.8771238,44.53205761
283,28,Imperial Group,-110.8770781,44.53211895
284,28,Imperial Group,-110.8770239,44.5321766
285,28,Imperial Group,-110.8769617,44.53222996
286,28,Imperial Group,-110.8768921,44.53227846
287,28,Imperial Group,-110.8768159,44.53232159
288,28,Imperial Group,-110.876734,44.53235888
289,28,Imperial Group,-110.8766471,44.53238995
290,28,Imperial Group,-110.8765562,44.53241446
291,28,Imperial Group,-110.8764622,44.53243216
292,28,Imperial Group,-110.8763662,44.53244285
293,28,Imperial Group,-110.8762692,44.53244643
294,28,Imperial Group,-110.8734191,44.53241592
295,28,Imperial Group,-110.8733221,44.53241234
296,28,Imperial Group,-110.8732261,44.53240165
297,28,Imperial Group,-110.8731321,44.53238395
298,28,Imperial Group,-110.8730412,44.53235944
299,28,Imperial Group,-110.8729543,44.53232837
300,28,Imperial Group,-110.8728724,44.53229108
301,28,Imperial Group,-110.8727962,44.53224795
302,28,Imperial Group,-110.8727266,44.53219945
303,28,Imperial Group,-110.8726644,44.53214609
304,28,Imperial Group,-110.8726102,44.53208844
305,28,Imperial Group,-110.8725645,44.5320271
306,28,Imperial Group,-110.8725279,44.53196273
307,28,Imperial Group,-110.8725008,44.53189601
308,28,Imperial Group,-110.8724834,44.53182765
309,28,Imperial Group,-110.8724759,44.53175836
310,28,Imperial Group,-110.8724784,44.5316889
311,28,Imperial Group,-110.8724908,44.53161998
312,28,Imperial Group,-110.8725131,44.53155235
313,28,Imperial Group,-110.8725451,44.53148672
314,28,Imperial Group,-110.8725862,44.53142379
315,28,Imperial Group,-110.8726363,44.53136421
316,28,Imperial Group,-110.8726946,44.53130863
317,28,Imperial Group,-110.8727606,44.53125764
318,28,Imperial Group,-110.8728335,44.53121176
319,28,Imperial Group,-110.8729127,44.5311715
320,28,Imperial Group,-110.8729972,44.53113727
321,28,Imperial Group,-110.8730863,44.53110945
322,28,Imperial Group,-110.8731788,44.53108831
323,28,Imperial Group,-110.8732739,44.5310741
324,28,Imperial Group,-110.8733705,44.53106696
325,29,Kaleidoscope Group,-110.8149714,44.55332997
326,29,Kaleidoscope Group,-110.8150686,44.55332997
327,29,Kaleidoscope Group,-110.8151653,44.55333711
328,29,Kaleidoscope Group,-110.8152604,44.55335133
329,29,Kaleidoscope Group,-110.815353,44.55337246
330,29,Kaleidoscope Group,-110.815442,44.55340029
331,29,Kaleidoscope Group,-110.8155266,44.55343451
332,29,Kaleidoscope Group,-110.8156058,44.55347478
333,29,Kaleidoscope Group,-110.8156788,44.55352065
334,29,Kaleidoscope Group,-110.8157448,44.55357164
335,29,Kaleidoscope Group,-110.8158031,44.55362722
336,29,Kaleidoscope Group,-110.8158532,44.5536868
337,29,Kaleidoscope Group,-110.8158944,44.55374973
338,29,Kaleidoscope Group,-110.8159263,44.55381536
339,29,Kaleidoscope Group,-110.8159486,44.553883
340,29,Kaleidoscope Group,-110.8159611,44.55395191
341,29,Kaleidoscope Group,-110.8159636,44.55402137
342,29,Kaleidoscope Group,-110.8159561,44.55409066
343,29,Kaleidoscope Group,-110.8159387,44.55415902
344,29,Kaleidoscope Group,-110.8159115,44.55422574
345,29,Kaleidoscope Group,-110.8158749,44.55429011
346,29,Kaleidoscope Group,-110.8158292,44.55435145
347,29,Kaleidoscope Group,-110.815775,44.5544091
348,29,Kaleidoscope Group,-110.8157127,44.55446246
349,29,Kaleidoscope Group,-110.8156431,44.55451096
350,29,Kaleidoscope Group,-110.8155669,44.55455408
351,29,Kaleidoscope Group,-110.8154849,44.55459138
352,29,Kaleidoscope Group,-110.815398,44.55462245
353,29,Kaleidoscope Group,-110.813824,44.55514192
354,29,Kaleidoscope Group,-110.8137331,44.55516643
355,29,Kaleidoscope Group,-110.8136391,44.55518413
356,29,Kaleidoscope Group,-110.8132348,44.55523372
357,29,Kaleidoscope Group,-110.8131388,44.55524441
358,29,Kaleidoscope Group,-110.8105829,44.55546185
359,29,Kaleidoscope Group,-110.8104858,44.55546543
360,29,Kaleidoscope Group,-110.8103887,44.55546185
361,29,Kaleidoscope Group,-110.8097708,44.55540844
362,29,Kaleidoscope Group,-110.8096748,44.55539775
363,29,Kaleidoscope Group,-110.8095808,44.55538005
364,29,Kaleidoscope Group,-110.8094899,44.55535554
365,29,Kaleidoscope Group,-110.809403,44.55532447
366,29,Kaleidoscope Group,-110.809321,44.55528717
367,29,Kaleidoscope Group,-110.8092448,44.55524405
368,29,Kaleidoscope Group,-110.8091752,44.55519555
369,29,Kaleidoscope Group,-110.8091129,44.55514219
370,29,Kaleidoscope Group,-110.8090587,44.55508454
371,29,Kaleidoscope Group,-110.809013,44.5550232
372,29,Kaleidoscope Group,-110.8089764,44.55495883
373,29,Kaleidoscope Group,-110.8089492,44.55489211
374,29,Kaleidoscope Group,-110.8089318,44.55482375
375,29,Kaleidoscope Group,-110.8089243,44.55475446
376,29,Kaleidoscope Group,-110.8089268,44.554685
377,29,Kaleidoscope Group,-110.8089393,44.55461609
378,29,Kaleidoscope Group,-110.8089616,44.55454845
379,29,Kaleidoscope Group,-110.8089935,44.55448282
380,29,Kaleidoscope Group,-110.8090347,44.55441989
381,29,Kaleidoscope Group,-110.8090847,44.55436031
382,29,Kaleidoscope Group,-110.8091431,44.55430473
383,29,Kaleidoscope Group,-110.8092091,44.55425374
384,29,Kaleidoscope Group,-110.8092821,44.55420787
385,29,Kaleidoscope Group,-110.810518,44.55348689
386,29,Kaleidoscope Group,-110.8105972,44.55344662
387,29,Kaleidoscope Group,-110.8106818,44.5534124
388,29,Kaleidoscope Group,-110.8107708,44.55338457
389,29,Kaleidoscope Group,-110.8108634,44.55336344
390,29,Kaleidoscope Group,-110.8109585,44.55334922
391,29,Kaleidoscope Group,-110.8110552,44.55334208
392,29,Kaleidoscope Group,-110.8149714,44.55332997
393,35,Marshall's Hotel Group,-110.8334857,44.57074301
394,35,Marshall's Hotel Group,-110.8335829,44.57074301
395,35,Marshall's Hotel Group,-110.8336796,44.57075015
396,35,Marshall's Hotel Group,-110.8337748,44.57076437
397,35,Marshall's Hotel Group,-110.8338674,44.5707855
398,35,Marshall's Hotel Group,-110.8339564,44.57081333
399,35,Marshall's Hotel Group,-110.834041,44.57084755
400,35,Marshall's Hotel Group,-110.8341203,44.57088782
401,35,Marshall's Hotel Group,-110.8341933,44.57093369
402,35,Marshall's Hotel Group,-110.8342593,44.57098469
403,35,Marshall's Hotel Group,-110.8343177,44.57104026
404,35,Marshall's Hotel Group,-110.8365344,44.57324784
405,35,Marshall's Hotel Group,-110.8365845,44.57330741
406,35,Marshall's Hotel Group,-110.8366257,44.57337034
407,35,Marshall's Hotel Group,-110.8366576,44.57343598
408,35,Marshall's Hotel Group,-110.8366799,44.57350361
409,35,Marshall's Hotel Group,-110.8366924,44.57357252
410,35,Marshall's Hotel Group,-110.8366949,44.57364198
411,35,Marshall's Hotel Group,-110.8366874,44.57371127
412,35,Marshall's Hotel Group,-110.83667,44.57377963
413,35,Marshall's Hotel Group,-110.8366428,44.57384635
414,35,Marshall's Hotel Group,-110.8366062,44.57391072
415,35,Marshall's Hotel Group,-110.8365605,44.57397205
416,35,Marshall's Hotel Group,-110.8365062,44.57402971
417,35,Marshall's Hotel Group,-110.836444,44.57408307
418,35,Marshall's Hotel Group,-110.8363743,44.57413157
419,35,Marshall's Hotel Group,-110.8318962,44.57681834
420,35,Marshall's Hotel Group,-110.8318199,44.57686146
421,35,Marshall's Hotel Group,-110.8317379,44.57689876
422,35,Marshall's Hotel Group,-110.8316509,44.57692982
423,35,Marshall's Hotel Group,-110.83156,44.57695434
424,35,Marshall's Hotel Group,-110.831466,44.57697203
425,35,Marshall's Hotel Group,-110.8313699,44.57698273
426,35,Marshall's Hotel Group,-110.8312728,44.57698631
427,35,Marshall's Hotel Group,-110.8311757,44.57698273
428,35,Marshall's Hotel Group,-110.8310796,44.57697203
429,35,Marshall's Hotel Group,-110.8309856,44.57695434
430,35,Marshall's Hotel Group,-110.8308947,44.57692982
431,35,Marshall's Hotel Group,-110.8308077,44.57689876
432,35,Marshall's Hotel Group,-110.8307257,44.57686146
433,35,Marshall's Hotel Group,-110.8306494,44.57681834
434,35,Marshall's Hotel Group,-110.8305798,44.57676984
435,35,Marshall's Hotel Group,-110.8305175,44.57671648
436,35,Marshall's Hotel Group,-110.8304633,44.57665882
437,35,Marshall's Hotel Group,-110.8304176,44.57659749
438,35,Marshall's Hotel Group,-110.8303809,44.57653312
439,35,Marshall's Hotel Group,-110.8303538,44.5764664
440,35,Marshall's Hotel Group,-110.8303363,44.57639804
441,35,Marshall's Hotel Group,-110.8303288,44.57632875
442,35,Marshall's Hotel Group,-110.8303313,44.57625929
443,35,Marshall's Hotel Group,-110.8303438,44.57619038
444,35,Marshall's Hotel Group,-110.8303662,44.57612275
445,35,Marshall's Hotel Group,-110.8326277,44.5712284
446,35,Marshall's Hotel Group,-110.8326597,44.57116277
447,35,Marshall's Hotel Group,-110.8327009,44.57109984
448,35,Marshall's Hotel Group,-110.8327509,44.57104026
449,35,Marshall's Hotel Group,-110.8328093,44.57098469
450,35,Marshall's Hotel Group,-110.8328753,44.57093369
451,35,Marshall's Hotel Group,-110.8329483,44.57088782
452,35,Marshall's Hotel Group,-110.8330276,44.57084755
453,35,Marshall's Hotel Group,-110.8331122,44.57081333
454,35,Marshall's Hotel Group,-110.8332012,44.5707855
455,35,Marshall's Hotel Group,-110.8332938,44.57076437
456,35,Marshall's Hotel Group,-110.833389,44.57075015
457,35,Marshall's Hotel Group,-110.8334857,44.57074301
458,40,Morning Mist Group,-110.7933532,44.57495808
459,40,Morning Mist Group,-110.7934504,44.57495808
460,40,Morning Mist Group,-110.7935471,44.57496523
461,40,Morning Mist Group,-110.7936423,44.57497944
462,40,Morning Mist Group,-110.7937349,44.57500057
463,40,Morning Mist Group,-110.793824,44.5750284
464,40,Morning Mist Group,-110.7939086,44.57506262
465,40,Morning Mist Group,-110.7939878,44.57510289
466,40,Morning Mist Group,-110.7940608,44.57514876
467,40,Morning Mist Group,-110.7941269,44.57519976
468,40,Morning Mist Group,-110.7941852,44.57525534
469,40,Morning Mist Group,-110.7942353,44.57531491
470,40,Morning Mist Group,-110.7942765,44.57537784
471,40,Morning Mist Group,-110.7943084,44.57544348
472,40,Morning Mist Group,-110.7943308,44.57551111
473,40,Morning Mist Group,-110.7943432,44.57558002
474,40,Morning Mist Group,-110.7943458,44.57564948
475,40,Morning Mist Group,-110.7943383,44.57571877
476,40,Morning Mist Group,-110.7943208,44.57578713
477,40,Morning Mist Group,-110.7942937,44.57585385
478,40,Morning Mist Group,-110.794257,44.57591822
479,40,Morning Mist Group,-110.7942113,44.57597955
480,40,Morning Mist Group,-110.7941571,44.57603721
481,40,Morning Mist Group,-110.7940948,44.57609057
482,40,Morning Mist Group,-110.7940252,44.57613907
483,40,Morning Mist Group,-110.7939489,44.57618219
484,40,Morning Mist Group,-110.7938669,44.57621949
485,40,Morning Mist Group,-110.7937799,44.57625055
486,40,Morning Mist Group,-110.793689,44.57627507
487,40,Morning Mist Group,-110.793595,44.57629276
488,40,Morning Mist Group,-110.7934989,44.57630346
489,40,Morning Mist Group,-110.7934018,44.57630704
490,40,Morning Mist Group,-110.7933047,44.57630346
491,40,Morning Mist Group,-110.7932086,44.57629276
492,40,Morning Mist Group,-110.7931146,44.57627507
493,40,Morning Mist Group,-110.7930237,44.57625055
494,40,Morning Mist Group,-110.7929367,44.57621949
495,40,Morning Mist Group,-110.7928547,44.57618219
496,40,Morning Mist Group,-110.7927784,44.57613907
497,40,Morning Mist Group,-110.7927088,44.57609057
498,40,Morning Mist Group,-110.7926465,44.57603721
499,40,Morning Mist Group,-110.7925923,44.57597955
500,40,Morning Mist Group,-110.7925466,44.57591822
501,40,Morning Mist Group,-110.7925099,44.57585385
502,40,Morning Mist Group,-110.7924828,44.57578713
503,40,Morning Mist Group,-110.7924653,44.57571877
504,40,Morning Mist Group,-110.7924578,44.57564948
505,40,Morning Mist Group,-110.7924603,44.57558002
506,40,Morning Mist Group,-110.7924728,44.57551111
507,40,Morning Mist Group,-110.7924952,44.57544348
508,40,Morning Mist Group,-110.7925271,44.57537784
509,40,Morning Mist Group,-110.7925683,44.57531491
510,40,Morning Mist Group,-110.7926184,44.57525534
511,40,Morning Mist Group,-110.7926767,44.57519976
512,40,Morning Mist Group,-110.7927428,44.57514876
513,40,Morning Mist Group,-110.7928158,44.57510289
514,40,Morning Mist Group,-110.792895,44.57506262
515,40,Morning Mist Group,-110.7929796,44.5750284
516,40,Morning Mist Group,-110.7930687,44.57500057
517,40,Morning Mist Group,-110.7931613,44.57497944
518,40,Morning Mist Group,-110.7932565,44.57496523
519,40,Morning Mist Group,-110.7933532,44.57495808
520,51,Pink Cone Group,-110.7962008,44.5422108
521,51,Pink Cone Group,-110.796298,44.5422108
522,51,Pink Cone Group,-110.7963946,44.54221794
523,51,Pink Cone Group,-110.7964897,44.54223216
524,51,Pink Cone Group,-110.7965823,44.54225329
525,51,Pink Cone Group,-110.7966713,44.54228111
526,51,Pink Cone Group,-110.7967559,44.54231534
527,51,Pink Cone Group,-110.7968351,44.5423556
528,51,Pink Cone Group,-110.7969081,44.54240148
529,51,Pink Cone Group,-110.7969741,44.54245247
530,51,Pink Cone Group,-110.7970324,44.54250805
531,51,Pink Cone Group,-110.7970824,44.54256763
532,51,Pink Cone Group,-110.7971236,44.54263056
533,51,Pink Cone Group,-110.7978408,44.54408014
534,51,Pink Cone Group,-110.7978727,44.54414577
535,51,Pink Cone Group,-110.7978951,44.54421341
536,51,Pink Cone Group,-110.7979075,44.54428232
537,51,Pink Cone Group,-110.79791,44.54435178
538,51,Pink Cone Group,-110.7979026,44.54442107
539,51,Pink Cone Group,-110.7978851,44.54448943
540,51,Pink Cone Group,-110.797858,44.54455615
541,51,Pink Cone Group,-110.7978214,44.54462052
542,51,Pink Cone Group,-110.7977757,44.54468186
543,51,Pink Cone Group,-110.7977215,44.54473951
544,51,Pink Cone Group,-110.7976592,44.54479287
545,51,Pink Cone Group,-110.7975896,44.54484137
546,51,Pink Cone Group,-110.7975134,44.5448845
547,51,Pink Cone Group,-110.7974315,44.54492179
548,51,Pink Cone Group,-110.7973445,44.54495286
549,51,Pink Cone Group,-110.7972536,44.54497737
550,51,Pink Cone Group,-110.7971596,44.54499507
551,51,Pink Cone Group,-110.7970636,44.54500576
552,51,Pink Cone Group,-110.7969666,44.54500934
553,51,Pink Cone Group,-110.7968696,44.54500576
554,51,Pink Cone Group,-110.7967735,44.54499507
555,51,Pink Cone Group,-110.7966796,44.54497737
556,51,Pink Cone Group,-110.7965887,44.54495286
557,51,Pink Cone Group,-110.7965017,44.54492179
558,51,Pink Cone Group,-110.7948157,44.54426185
559,51,Pink Cone Group,-110.7947337,44.54422456
560,51,Pink Cone Group,-110.7946575,44.54418143
561,51,Pink Cone Group,-110.7945879,44.54413293
562,51,Pink Cone Group,-110.7945256,44.54407957
563,51,Pink Cone Group,-110.7944714,44.54402192
564,51,Pink Cone Group,-110.7944257,44.54396058
565,51,Pink Cone Group,-110.7943891,44.54389621
566,51,Pink Cone Group,-110.794362,44.54382949
567,51,Pink Cone Group,-110.7943446,44.54376113
568,51,Pink Cone Group,-110.7943371,44.54369184
569,51,Pink Cone Group,-110.7943396,44.54362238
570,51,Pink Cone Group,-110.7943701,44.54325617
571,51,Pink Cone Group,-110.7943825,44.54318726
572,51,Pink Cone Group,-110.7944049,44.54311962
573,51,Pink Cone Group,-110.7944368,44.54305399
574,51,Pink Cone Group,-110.794478,44.54299106
575,51,Pink Cone Group,-110.794528,44.54293148
576,51,Pink Cone Group,-110.7945863,44.5428759
577,51,Pink Cone Group,-110.7946523,44.54282491
578,51,Pink Cone Group,-110.7947253,44.54277903
579,51,Pink Cone Group,-110.7948045,44.54273877
580,51,Pink Cone Group,-110.7957429,44.54231534
581,51,Pink Cone Group,-110.7958275,44.54228111
582,51,Pink Cone Group,-110.7959165,44.54225329
583,51,Pink Cone Group,-110.7960091,44.54223216
584,51,Pink Cone Group,-110.7961042,44.54221794
585,51,Pink Cone Group,-110.7962008,44.5422108
586,54,Porcupine Hill Group,-110.8116579,44.57087825
587,54,Porcupine Hill Group,-110.8117551,44.57087825
588,54,Porcupine Hill Group,-110.8118518,44.57088539
589,54,Porcupine Hill Group,-110.811947,44.57089961
590,54,Porcupine Hill Group,-110.8120396,44.57092074
591,54,Porcupine Hill Group,-110.8121286,44.57094857
592,54,Porcupine Hill Group,-110.8122132,44.57098279
593,54,Porcupine Hill Group,-110.8122925,44.57102306
594,54,Porcupine Hill Group,-110.8123655,44.57106893
595,54,Porcupine Hill Group,-110.8124315,44.57111993
596,54,Porcupine Hill Group,-110.8124899,44.5711755
597,54,Porcupine Hill Group,-110.8125399,44.57123508
598,54,Porcupine Hill Group,-110.8125811,44.57129801
599,54,Porcupine Hill Group,-110.8126131,44.57136364
600,54,Porcupine Hill Group,-110.8126354,44.57143128
601,54,Porcupine Hill Group,-110.8126479,44.57150019
602,54,Porcupine Hill Group,-110.8126504,44.57156965
603,54,Porcupine Hill Group,-110.8126429,44.57163894
604,54,Porcupine Hill Group,-110.8126255,44.5717073
605,54,Porcupine Hill Group,-110.8125983,44.57177402
606,54,Porcupine Hill Group,-110.8125617,44.57183839
607,54,Porcupine Hill Group,-110.812516,44.57189972
608,54,Porcupine Hill Group,-110.8124617,44.57195738
609,54,Porcupine Hill Group,-110.8123994,44.57201074
610,54,Porcupine Hill Group,-110.8123298,44.57205924
611,54,Porcupine Hill Group,-110.8122536,44.57210236
612,54,Porcupine Hill Group,-110.8121716,44.57213966
613,54,Porcupine Hill Group,-110.8120846,44.57217073
614,54,Porcupine Hill Group,-110.8119936,44.57219524
615,54,Porcupine Hill Group,-110.8118996,44.57221293
616,54,Porcupine Hill Group,-110.8118036,44.57222363
617,54,Porcupine Hill Group,-110.8117065,44.57222721
618,54,Porcupine Hill Group,-110.8116094,44.57222363
619,54,Porcupine Hill Group,-110.8115134,44.57221293
620,54,Porcupine Hill Group,-110.8114194,44.57219524
621,54,Porcupine Hill Group,-110.8113284,44.57217073
622,54,Porcupine Hill Group,-110.8112414,44.57213966
623,54,Porcupine Hill Group,-110.8111594,44.57210236
624,54,Porcupine Hill Group,-110.8110832,44.57205924
625,54,Porcupine Hill Group,-110.8110136,44.57201074
626,54,Porcupine Hill Group,-110.8109513,44.57195738
627,54,Porcupine Hill Group,-110.810897,44.57189972
628,54,Porcupine Hill Group,-110.8108513,44.57183839
629,54,Porcupine Hill Group,-110.8108147,44.57177402
630,54,Porcupine Hill Group,-110.8107875,44.5717073
631,54,Porcupine Hill Group,-110.8107701,44.57163894
632,54,Porcupine Hill Group,-110.8107626,44.57156965
633,54,Porcupine Hill Group,-110.8107651,44.57150019
634,54,Porcupine Hill Group,-110.8107776,44.57143128
635,54,Porcupine Hill Group,-110.8107999,44.57136364
636,54,Porcupine Hill Group,-110.8108319,44.57129801
637,54,Porcupine Hill Group,-110.8108731,44.57123508
638,54,Porcupine Hill Group,-110.8109231,44.5711755
639,54,Porcupine Hill Group,-110.8109815,44.57111993
640,54,Porcupine Hill Group,-110.8110475,44.57106893
641,54,Porcupine Hill Group,-110.8111205,44.57102306
642,54,Porcupine Hill Group,-110.8111998,44.57098279
643,54,Porcupine Hill Group,-110.8112844,44.57094857
644,54,Porcupine Hill Group,-110.8113734,44.57092074
645,54,Porcupine Hill Group,-110.811466,44.57089961
646,54,Porcupine Hill Group,-110.8115612,44.57088539
647,54,Porcupine Hill Group,-110.8116579,44.57087825
648,56,Quagmire Group,-110.8035305,44.56675725
649,56,Quagmire Group,-110.8036277,44.56675725
650,56,Quagmire Group,-110.8037244,44.56676439
651,56,Quagmire Group,-110.8038195,44.56677861
652,56,Quagmire Group,-110.8039121,44.56679974
653,56,Quagmire Group,-110.8040012,44.56682757
654,56,Quagmire Group,-110.8040858,44.56686179
655,56,Quagmire Group,-110.804165,44.56690206
656,56,Quagmire Group,-110.804238,44.56694793
657,56,Quagmire Group,-110.8043041,44.56699893
658,56,Quagmire Group,-110.8043624,44.5670545
659,56,Quagmire Group,-110.8044125,44.56711408
660,56,Quagmire Group,-110.8044537,44.56717701
661,56,Quagmire Group,-110.8044856,44.56724264
662,56,Quagmire Group,-110.8045079,44.56731028
663,56,Quagmire Group,-110.8045204,44.56737919
664,56,Quagmire Group,-110.8045229,44.56744865
665,56,Quagmire Group,-110.8045154,44.56751794
666,56,Quagmire Group,-110.804498,44.5675863
667,56,Quagmire Group,-110.8044708,44.56765302
668,56,Quagmire Group,-110.8044342,44.56771739
669,56,Quagmire Group,-110.8043885,44.56777872
670,56,Quagmire Group,-110.8043343,44.56783638
671,56,Quagmire Group,-110.804272,44.56788974
672,56,Quagmire Group,-110.8042024,44.56793824
673,56,Quagmire Group,-110.8041262,44.56798136
674,56,Quagmire Group,-110.8040441,44.56801866
675,56,Quagmire Group,-110.8039572,44.56804973
676,56,Quagmire Group,-110.8038662,44.56807424
677,56,Quagmire Group,-110.8037722,44.56809194
678,56,Quagmire Group,-110.8036762,44.56810263
679,56,Quagmire Group,-110.8035791,44.56810621
680,56,Quagmire Group,-110.803482,44.56810263
681,56,Quagmire Group,-110.803386,44.56809194
682,56,Quagmire Group,-110.803292,44.56807424
683,56,Quagmire Group,-110.803201,44.56804973
684,56,Quagmire Group,-110.8031141,44.56801866
685,56,Quagmire Group,-110.803032,44.56798136
686,56,Quagmire Group,-110.8029558,44.56793824
687,56,Quagmire Group,-110.8028862,44.56788974
688,56,Quagmire Group,-110.8028239,44.56783638
689,56,Quagmire Group,-110.8027697,44.56777872
690,56,Quagmire Group,-110.802724,44.56771739
691,56,Quagmire Group,-110.8026874,44.56765302
692,56,Quagmire Group,-110.8026602,44.5675863
693,56,Quagmire Group,-110.8026428,44.56751794
694,56,Quagmire Group,-110.8026353,44.56744865
695,56,Quagmire Group,-110.8026378,44.56737919
696,56,Quagmire Group,-110.8026503,44.56731028
697,56,Quagmire Group,-110.8026726,44.56724264
698,56,Quagmire Group,-110.8027045,44.56717701
699,56,Quagmire Group,-110.8027457,44.56711408
700,56,Quagmire Group,-110.8027958,44.5670545
701,56,Quagmire Group,-110.8028541,44.56699893
702,56,Quagmire Group,-110.8029202,44.56694793
703,56,Quagmire Group,-110.8029932,44.56690206
704,56,Quagmire Group,-110.8030724,44.56686179
705,56,Quagmire Group,-110.803157,44.56682757
706,56,Quagmire Group,-110.8032461,44.56679974
707,56,Quagmire Group,-110.8033387,44.56677861
708,56,Quagmire Group,-110.8034338,44.56676439
709,56,Quagmire Group,-110.8035305,44.56675725
710,59,River Group,-110.8321123,44.55573771
711,59,River Group,-110.8322095,44.55573771
712,59,River Group,-110.8323062,44.55574485
713,59,River Group,-110.8324013,44.55575907
714,59,River Group,-110.8324939,44.5557802
715,59,River Group,-110.8325829,44.55580803
716,59,River Group,-110.8326675,44.55584225
717,59,River Group,-110.8327467,44.55588252
718,59,River Group,-110.8328197,44.55592839
719,59,River Group,-110.8328857,44.55597938
720,59,River Group,-110.8329441,44.55603496
721,59,River Group,-110.8395971,44.56260769
722,59,River Group,-110.8396471,44.56266727
723,59,River Group,-110.8396883,44.5627302
724,59,River Group,-110.8397202,44.56279583
725,59,River Group,-110.8397426,44.56286347
726,59,River Group,-110.839755,44.56293238
727,59,River Group,-110.8397575,44.56300184
728,59,River Group,-110.83975,44.56307113
729,59,River Group,-110.8397326,44.56313949
730,59,River Group,-110.8397055,44.56320621
731,59,River Group,-110.8396688,44.56327058
732,59,River Group,-110.8396232,44.56333191
733,59,River Group,-110.8395689,44.56338957
734,59,River Group,-110.8395066,44.56344293
735,59,River Group,-110.839437,44.56349143
736,59,River Group,-110.8393608,44.56353455
737,59,River Group,-110.8392788,44.56357185
738,59,River Group,-110.8391919,44.56360292
739,59,River Group,-110.8391009,44.56362743
740,59,River Group,-110.8390069,44.56364513
741,59,River Group,-110.8389109,44.56365582
742,59,River Group,-110.8388138,44.5636594
743,59,River Group,-110.8360672,44.56370899
744,59,River Group,-110.8359701,44.56370541
745,59,River Group,-110.8358741,44.56369472
746,59,River Group,-110.8357801,44.56367702
747,59,River Group,-110.8356891,44.56365251
748,59,River Group,-110.8356022,44.56362144
749,59,River Group,-110.8352436,44.56346122
750,59,River Group,-110.8351616,44.56342392
751,59,River Group,-110.8350854,44.5633808
752,59,River Group,-110.8350158,44.5633323
753,59,River Group,-110.8322616,44.56140206
754,59,River Group,-110.8321993,44.5613487
755,59,River Group,-110.8321451,44.56129104
756,59,River Group,-110.8308046,44.55969636
757,59,River Group,-110.8307589,44.55963502
758,59,River Group,-110.8307223,44.55957065
759,59,River Group,-110.8306951,44.55950393
760,59,River Group,-110.8306777,44.55943557
761,59,River Group,-110.8302511,44.55674592
762,59,River Group,-110.8302436,44.55667663
763,59,River Group,-110.8302461,44.55660717
764,59,River Group,-110.8302585,44.55653826
765,59,River Group,-110.8302809,44.55647062
766,59,River Group,-110.8303128,44.55640499
767,59,River Group,-110.830354,44.55634206
768,59,River Group,-110.830404,44.55628248
769,59,River Group,-110.8304624,44.5562269
770,59,River Group,-110.8305284,44.55617591
771,59,River Group,-110.8306014,44.55613004
772,59,River Group,-110.8306806,44.55608977
773,59,River Group,-110.8307652,44.55605555
774,59,River Group,-110.8308542,44.55602772
775,59,River Group,-110.8318279,44.5557802
776,59,River Group,-110.8319205,44.55575907
777,59,River Group,-110.8320156,44.55574485
778,59,River Group,-110.8321123,44.55573771
779,63,Sentinel Meadows Group,-110.8700457,44.56218455
780,63,Sentinel Meadows Group,-110.8701429,44.56218455
781,63,Sentinel Meadows Group,-110.8702396,44.56219169
782,63,Sentinel Meadows Group,-110.8703347,44.56220591
783,63,Sentinel Meadows Group,-110.8704273,44.56222704
784,63,Sentinel Meadows Group,-110.8705164,44.56225487
785,63,Sentinel Meadows Group,-110.870601,44.56228909
786,63,Sentinel Meadows Group,-110.8706802,44.56232936
787,63,Sentinel Meadows Group,-110.8707532,44.56237523
788,63,Sentinel Meadows Group,-110.8708192,44.56242622
789,63,Sentinel Meadows Group,-110.8708776,44.5624818
790,63,Sentinel Meadows Group,-110.8709276,44.56254138
791,63,Sentinel Meadows Group,-110.8709688,44.56260431
792,63,Sentinel Meadows Group,-110.8710007,44.56266994
793,63,Sentinel Meadows Group,-110.8710231,44.56273758
794,63,Sentinel Meadows Group,-110.8711528,44.56318772
795,63,Sentinel Meadows Group,-110.8711653,44.56325663
796,63,Sentinel Meadows Group,-110.8711678,44.56332609
797,63,Sentinel Meadows Group,-110.8711603,44.56339538
798,63,Sentinel Meadows Group,-110.8711428,44.56346374
799,63,Sentinel Meadows Group,-110.8711157,44.56353046
800,63,Sentinel Meadows Group,-110.871079,44.56359483
801,63,Sentinel Meadows Group,-110.8710334,44.56365616
802,63,Sentinel Meadows Group,-110.8659905,44.56997711
803,63,Sentinel Meadows Group,-110.8659362,44.57003477
804,63,Sentinel Meadows Group,-110.8658739,44.57008813
805,63,Sentinel Meadows Group,-110.8658043,44.57013663
806,63,Sentinel Meadows Group,-110.8657281,44.57017975
807,63,Sentinel Meadows Group,-110.8656461,44.57021705
808,63,Sentinel Meadows Group,-110.8655591,44.57024812
809,63,Sentinel Meadows Group,-110.8654681,44.57027263
810,63,Sentinel Meadows Group,-110.8653741,44.57029033
811,63,Sentinel Meadows Group,-110.8652781,44.57030102
812,63,Sentinel Meadows Group,-110.865181,44.5703046
813,63,Sentinel Meadows Group,-110.8650839,44.57030102
814,63,Sentinel Meadows Group,-110.8649879,44.57029033
815,63,Sentinel Meadows Group,-110.8648939,44.57027263
816,63,Sentinel Meadows Group,-110.8648029,44.57024812
817,63,Sentinel Meadows Group,-110.8647159,44.57021705
818,63,Sentinel Meadows Group,-110.8646339,44.57017975
819,63,Sentinel Meadows Group,-110.8645577,44.57013663
820,63,Sentinel Meadows Group,-110.8629021,44.56902274
821,63,Sentinel Meadows Group,-110.8628325,44.56897424
822,63,Sentinel Meadows Group,-110.8627702,44.56892088
823,63,Sentinel Meadows Group,-110.8592379,44.56524351
824,63,Sentinel Meadows Group,-110.8591836,44.56518585
825,63,Sentinel Meadows Group,-110.8591379,44.56512452
826,63,Sentinel Meadows Group,-110.8591013,44.56506015
827,63,Sentinel Meadows Group,-110.8590741,44.56499343
828,63,Sentinel Meadows Group,-110.8590567,44.56492507
829,63,Sentinel Meadows Group,-110.8590492,44.56485578
830,63,Sentinel Meadows Group,-110.8590517,44.56478632
831,63,Sentinel Meadows Group,-110.8590642,44.56471741
832,63,Sentinel Meadows Group,-110.8590865,44.56464977
833,63,Sentinel Meadows Group,-110.8591185,44.56458414
834,63,Sentinel Meadows Group,-110.8591597,44.56452121
835,63,Sentinel Meadows Group,-110.8592097,44.56446163
836,63,Sentinel Meadows Group,-110.8592681,44.56440606
837,63,Sentinel Meadows Group,-110.8593341,44.56435506
838,63,Sentinel Meadows Group,-110.8594071,44.56430919
839,63,Sentinel Meadows Group,-110.8594863,44.56426892
840,63,Sentinel Meadows Group,-110.8595709,44.5642347
841,63,Sentinel Meadows Group,-110.85966,44.56420687
842,63,Sentinel Meadows Group,-110.8597526,44.56418574
843,63,Sentinel Meadows Group,-110.8698539,44.56220591
844,63,Sentinel Meadows Group,-110.869949,44.56219169
845,63,Sentinel Meadows Group,-110.8700457,44.56218455
846,64,Serendipity Springs,-110.8047374,44.53503197
847,64,Serendipity Springs,-110.8048346,44.53503197
848,64,Serendipity Springs,-110.8049312,44.53503911
849,64,Serendipity Springs,-110.8050263,44.53505332
850,64,Serendipity Springs,-110.8051189,44.53507446
851,64,Serendipity Springs,-110.8052079,44.53510228
852,64,Serendipity Springs,-110.8052924,44.53513651
853,64,Serendipity Springs,-110.8053716,44.53517677
854,64,Serendipity Springs,-110.8054446,44.53522265
855,64,Serendipity Springs,-110.8055106,44.53527364
856,64,Serendipity Springs,-110.8055689,44.53532922
857,64,Serendipity Springs,-110.8056189,44.5353888
858,64,Serendipity Springs,-110.8056601,44.53545173
859,64,Serendipity Springs,-110.805692,44.53551736
860,64,Serendipity Springs,-110.8057143,44.53558499
861,64,Serendipity Springs,-110.8057268,44.53565391
862,64,Serendipity Springs,-110.8057293,44.53572337
863,64,Serendipity Springs,-110.8057218,44.53579266
864,64,Serendipity Springs,-110.8057044,44.53586102
865,64,Serendipity Springs,-110.8056772,44.53592774
866,64,Serendipity Springs,-110.8056406,44.53599211
867,64,Serendipity Springs,-110.805595,44.53605345
868,64,Serendipity Springs,-110.8055408,44.5361111
869,64,Serendipity Springs,-110.8054785,44.53616446
870,64,Serendipity Springs,-110.8054089,44.53621296
871,64,Serendipity Springs,-110.8053328,44.53625609
872,64,Serendipity Springs,-110.8052508,44.53629338
873,64,Serendipity Springs,-110.8051639,44.53632445
874,64,Serendipity Springs,-110.805073,44.53634896
875,64,Serendipity Springs,-110.804979,44.53636666
876,64,Serendipity Springs,-110.804883,44.53637735
877,64,Serendipity Springs,-110.804786,44.53638093
878,64,Serendipity Springs,-110.804689,44.53637735
879,64,Serendipity Springs,-110.804593,44.53636666
880,64,Serendipity Springs,-110.804499,44.53634896
881,64,Serendipity Springs,-110.8044081,44.53632445
882,64,Serendipity Springs,-110.8043212,44.53629338
883,64,Serendipity Springs,-110.8042392,44.53625609
884,64,Serendipity Springs,-110.8041631,44.53621296
885,64,Serendipity Springs,-110.8040935,44.53616446
886,64,Serendipity Springs,-110.8040312,44.5361111
887,64,Serendipity Springs,-110.803977,44.53605345
888,64,Serendipity Springs,-110.8039314,44.53599211
889,64,Serendipity Springs,-110.8038948,44.53592774
890,64,Serendipity Springs,-110.8038676,44.53586102
891,64,Serendipity Springs,-110.8038502,44.53579266
892,64,Serendipity Springs,-110.8038427,44.53572337
893,64,Serendipity Springs,-110.8038452,44.53565391
894,64,Serendipity Springs,-110.8038577,44.53558499
895,64,Serendipity Springs,-110.80388,44.53551736
896,64,Serendipity Springs,-110.8039119,44.53545173
897,64,Serendipity Springs,-110.8039531,44.5353888
898,64,Serendipity Springs,-110.8040031,44.53532922
899,64,Serendipity Springs,-110.8040614,44.53527364
900,64,Serendipity Springs,-110.8041274,44.53522265
901,64,Serendipity Springs,-110.8042004,44.53517677
902,64,Serendipity Springs,-110.8042796,44.53513651
903,64,Serendipity Springs,-110.8043641,44.53510228
904,64,Serendipity Springs,-110.8044531,44.53507446
905,64,Serendipity Springs,-110.8045457,44.53505332
906,64,Serendipity Springs,-110.8046408,44.53503911
907,64,Serendipity Springs,-110.8047374,44.53503197
908,68,Thud Group (Hotel Group*),-110.8072558,44.55766795
909,68,Thud Group (Hotel Group*),-110.807353,44.55766795
910,68,Thud Group (Hotel Group*),-110.8074497,44.55767509
911,68,Thud Group (Hotel Group*),-110.8075448,44.55768931
912,68,Thud Group (Hotel Group*),-110.8076374,44.55771044
913,68,Thud Group (Hotel Group*),-110.8077264,44.55773827
914,68,Thud Group (Hotel Group*),-110.807811,44.55777249
915,68,Thud Group (Hotel Group*),-110.8078902,44.55781276
916,68,Thud Group (Hotel Group*),-110.8079632,44.55785863
917,68,Thud Group (Hotel Group*),-110.8080293,44.55790962
918,68,Thud Group (Hotel Group*),-110.8080876,44.5579652
919,68,Thud Group (Hotel Group*),-110.8081376,44.55802478
920,68,Thud Group (Hotel Group*),-110.8081788,44.55808771
921,68,Thud Group (Hotel Group*),-110.8082108,44.55815334
922,68,Thud Group (Hotel Group*),-110.8082331,44.55822098
923,68,Thud Group (Hotel Group*),-110.8082456,44.55828989
924,68,Thud Group (Hotel Group*),-110.8082481,44.55835935
925,68,Thud Group (Hotel Group*),-110.8082406,44.55842864
926,68,Thud Group (Hotel Group*),-110.8082232,44.558497
927,68,Thud Group (Hotel Group*),-110.808196,44.55856372
928,68,Thud Group (Hotel Group*),-110.8081594,44.55862809
929,68,Thud Group (Hotel Group*),-110.8081137,44.55868943
930,68,Thud Group (Hotel Group*),-110.8080594,44.55874708
931,68,Thud Group (Hotel Group*),-110.8079972,44.55880044
932,68,Thud Group (Hotel Group*),-110.8079276,44.55884894
933,68,Thud Group (Hotel Group*),-110.8078514,44.55889206
934,68,Thud Group (Hotel Group*),-110.8077694,44.55892936
935,68,Thud Group (Hotel Group*),-110.8076824,44.55896043
936,68,Thud Group (Hotel Group*),-110.8075915,44.55898494
937,68,Thud Group (Hotel Group*),-110.8074975,44.55900264
938,68,Thud Group (Hotel Group*),-110.8074015,44.55901333
939,68,Thud Group (Hotel Group*),-110.8030222,44.55920788
940,68,Thud Group (Hotel Group*),-110.8029251,44.55921146
941,68,Thud Group (Hotel Group*),-110.802828,44.55920788
942,68,Thud Group (Hotel Group*),-110.802732,44.55919719
943,68,Thud Group (Hotel Group*),-110.802638,44.55917949
944,68,Thud Group (Hotel Group*),-110.8025471,44.55915498
945,68,Thud Group (Hotel Group*),-110.8024601,44.55912391
946,68,Thud Group (Hotel Group*),-110.8023781,44.55908661
947,68,Thud Group (Hotel Group*),-110.8023019,44.55904349
948,68,Thud Group (Hotel Group*),-110.8022323,44.55899499
949,68,Thud Group (Hotel Group*),-110.8021701,44.55894163
950,68,Thud Group (Hotel Group*),-110.8021254,44.55889423
951,68,Thud Group (Hotel Group*),-110.8020064,44.55838526
952,68,Thud Group (Hotel Group*),-110.8020187,44.55834789
953,68,Thud Group (Hotel Group*),-110.8020507,44.55828226
954,68,Thud Group (Hotel Group*),-110.8020919,44.55821933
955,68,Thud Group (Hotel Group*),-110.8021419,44.55815975
956,68,Thud Group (Hotel Group*),-110.8022002,44.55810417
957,68,Thud Group (Hotel Group*),-110.8022663,44.55805318
958,68,Thud Group (Hotel Group*),-110.8023393,44.55800731
959,68,Thud Group (Hotel Group*),-110.8024185,44.55796704
960,68,Thud Group (Hotel Group*),-110.8025031,44.55793282
961,68,Thud Group (Hotel Group*),-110.8025921,44.55790499
962,68,Thud Group (Hotel Group*),-110.8026847,44.55788386
963,68,Thud Group (Hotel Group*),-110.8027798,44.55786964
964,68,Thud Group (Hotel Group*),-110.8028765,44.5578625
965,68,Thud Group (Hotel Group*),-110.8072558,44.55766795
966,73,White Creek Group,-110.7963686,44.53156398
967,73,White Creek Group,-110.7964658,44.53156398
968,73,White Creek Group,-110.7965624,44.53157112
969,73,White Creek Group,-110.7966575,44.53158533
970,73,White Creek Group,-110.7974308,44.53175269
971,73,White Creek Group,-110.7985189,44.53221808
972,73,White Creek Group,-110.802557,44.53457361
973,73,White Creek Group,-110.80263,44.53461949
974,73,White Creek Group,-110.802696,44.53467048
975,73,White Creek Group,-110.8027543,44.53472606
976,73,White Creek Group,-110.8028043,44.53478564
977,73,White Creek Group,-110.8028455,44.53484857
978,73,White Creek Group,-110.8028774,44.5349142
979,73,White Creek Group,-110.8028997,44.53498183
980,73,White Creek Group,-110.8029122,44.53505075
981,73,White Creek Group,-110.8029147,44.53512021
982,73,White Creek Group,-110.8029072,44.5351895
983,73,White Creek Group,-110.8028898,44.53525786
984,73,White Creek Group,-110.8028626,44.53532458
985,73,White Creek Group,-110.802826,44.53538895
986,73,White Creek Group,-110.8027804,44.53545029
987,73,White Creek Group,-110.8027261,44.53550794
988,73,White Creek Group,-110.7987284,44.53910139
989,73,White Creek Group,-110.7986662,44.53915475
990,73,White Creek Group,-110.7985966,44.53920325
991,73,White Creek Group,-110.7985204,44.53924638
992,73,White Creek Group,-110.7984384,44.53928367
993,73,White Creek Group,-110.7983515,44.53931474
994,73,White Creek Group,-110.7982606,44.53933925
995,73,White Creek Group,-110.7981666,44.53935695
996,73,White Creek Group,-110.7980706,44.53936764
997,73,White Creek Group,-110.7979736,44.53937122
998,73,White Creek Group,-110.7978766,44.53936764
999,73,White Creek Group,-110.7977806,44.53935695
1000,73,White Creek Group,-110.7976866,44.53933925
1001,73,White Creek Group,-110.7975957,44.53931474
1002,73,White Creek Group,-110.7975088,44.53928367
1003,73,White Creek Group,-110.7974268,44.53924638
1004,73,White Creek Group,-110.7973506,44.53920325
1005,73,White Creek Group,-110.797281,44.53915475
1006,73,White Creek Group,-110.7972188,44.53910139
1007,73,White Creek Group,-110.7971646,44.53904374
1008,73,White Creek Group,-110.7971189,44.5389824
1009,73,White Creek Group,-110.7970823,44.53891803
1010,73,White Creek Group,-110.7970552,44.53885131
1011,73,White Creek Group,-110.7970377,44.53878295
1012,73,White Creek Group,-110.7962673,44.53562057
1013,73,White Creek Group,-110.7954814,44.53232467
1014,73,White Creek Group,-110.7954739,44.53225538
1015,73,White Creek Group,-110.7954764,44.53218592
1016,73,White Creek Group,-110.7954889,44.532117
1017,73,White Creek Group,-110.7955112,44.53204937
1018,73,White Creek Group,-110.7955432,44.53198374
1019,73,White Creek Group,-110.7955843,44.53192081
1020,73,White Creek Group,-110.7956343,44.53186123
1021,73,White Creek Group,-110.7956927,44.53180565
1022,73,White Creek Group,-110.7957586,44.53175466
1023,73,White Creek Group,-110.7958316,44.53170878
1024,73,White Creek Group,-110.7959108,44.53166852
1025,73,White Creek Group,-110.7959953,44.53163429
1026,73,White Creek Group,-110.7960844,44.53160647
1027,73,White Creek Group,-110.7961769,44.53158533
1028,73,White Creek Group,-110.796272,44.53157112
1029,73,White Creek Group,-110.7963686,44.53156398
1030,74,White Dome Group,-110.801961,44.53825877
1031,74,White Dome Group,-110.8020582,44.53825877
1032,74,White Dome Group,-110.8021548,44.53826591
1033,74,White Dome Group,-110.8022499,44.53828012
1034,74,White Dome Group,-110.8023425,44.53830126
1035,74,White Dome Group,-110.8024315,44.53832908
1036,74,White Dome Group,-110.8025161,44.53836331
1037,74,White Dome Group,-110.8025952,44.53840357
1038,74,White Dome Group,-110.803404,44.53881937
1039,74,White Dome Group,-110.8034769,44.53886525
1040,74,White Dome Group,-110.8035429,44.53891624
1041,74,White Dome Group,-110.8036012,44.53897182
1042,74,White Dome Group,-110.8036513,44.5390314
1043,74,White Dome Group,-110.8036924,44.53909433
1044,74,White Dome Group,-110.8037244,44.53915996
1045,74,White Dome Group,-110.8037467,44.53922759
1046,74,White Dome Group,-110.8037592,44.53929651
1047,74,White Dome Group,-110.8037617,44.53936597
1048,74,White Dome Group,-110.8037542,44.53943526
1049,74,White Dome Group,-110.8037368,44.53950362
1050,74,White Dome Group,-110.8037096,44.53957034
1051,74,White Dome Group,-110.803673,44.53963471
1052,74,White Dome Group,-110.8036273,44.53969605
1053,74,White Dome Group,-110.8035731,44.5397537
1054,74,White Dome Group,-110.8035109,44.53980706
1055,74,White Dome Group,-110.8034413,44.53985556
1056,74,White Dome Group,-110.8033651,44.53989869
1057,74,White Dome Group,-110.8032831,44.53993598
1058,74,White Dome Group,-110.8031962,44.53996705
1059,74,White Dome Group,-110.8031053,44.53999156
1060,74,White Dome Group,-110.8030113,44.54000926
1061,74,White Dome Group,-110.8029153,44.54001995
1062,74,White Dome Group,-110.8028183,44.54002353
1063,74,White Dome Group,-110.8027213,44.54001995
1064,74,White Dome Group,-110.8026253,44.54000926
1065,74,White Dome Group,-110.8025313,44.53999156
1066,74,White Dome Group,-110.8024404,44.53996705
1067,74,White Dome Group,-110.8023535,44.53993598
1068,74,White Dome Group,-110.8014303,44.53952781
1069,74,White Dome Group,-110.8013483,44.53949052
1070,74,White Dome Group,-110.8012721,44.53944739
1071,74,White Dome Group,-110.8012025,44.53939889
1072,74,White Dome Group,-110.8011403,44.53934553
1073,74,White Dome Group,-110.8010861,44.53928788
1074,74,White Dome Group,-110.8010404,44.53922654
1075,74,White Dome Group,-110.8010038,44.53916217
1076,74,White Dome Group,-110.8009767,44.53909545
1077,74,White Dome Group,-110.8009592,44.53902709
1078,74,White Dome Group,-110.8009517,44.5389578
1079,74,White Dome Group,-110.8009542,44.53888834
1080,74,White Dome Group,-110.8009667,44.53881942
1081,74,White Dome Group,-110.800989,44.53875179
1082,74,White Dome Group,-110.801021,44.53868616
1083,74,White Dome Group,-110.8010621,44.53862323
1084,74,White Dome Group,-110.8011122,44.53856365
1085,74,White Dome Group,-110.8011705,44.53850807
1086,74,White Dome Group,-110.8012365,44.53845708
1087,74,White Dome Group,-110.8013095,44.5384112
1088,74,White Dome Group,-110.8013886,44.53837094
1089,74,White Dome Group,-110.8014732,44.53833671
1090,74,White Dome Group,-110.8015622,44.53830889
1091,74,White Dome Group,-110.8016548,44.53828775
1092,74,White Dome Group,-110.8017499,44.53827354
1093,74,White Dome Group,-110.8018465,44.5382664
1094,74,White Dome Group,-110.801961,44.53825877
