,Section,Township,Township Direction,Range,Range Direction,Baseline,Side,Length,Degrees,Minutes,Seconds,Alignment,Concatenation,API,North Reference,Grid Convergence,Northing,Easting,FNSL Value,FNSL Direction,FEWL Value,FEWL Direction
0,22,2,2,3,2,2,West-Up2,1313.9,1,17,48,2,2222322West-Up2,4301354156,T,0.0,567805.1432484057,4460234.120608757,1045.0,FSL,693.0,FEL
1,22,2,2,3,2,2,West-Up1,1313.9,1,17,48,2,2222322West-Up1,4301354156,T,0.0,567805.1432484057,4460234.120608757,1045.0,FSL,693.0,FEL
2,22,2,2,3,2,2,West-Down1,1314.285,0,8,31,2,2222322West-Down1,4301354156,T,0.0,567805.1432484057,4460234.120608757,1045.0,FSL,693.0,FEL
3,22,2,2,3,2,2,West-Down2,1314.285,0,8,31,2,2222322West-Down2,4301354156,T,0.0,567805.1432484057,4460234.120608757,1045.0,FSL,693.0,FEL
4,22,2,2,3,2,2,East-Up2,1321.105,1,44,30,2,2222322East-Up2,4301354156,T,0.0,567805.1432484057,4460234.120608757,1045.0,FSL,693.0,FEL
5,22,2,2,3,2,2,East-Up1,1321.105,1,44,30,2,2222322East-Up1,4301354156,T,0.0,567805.1432484057,4460234.120608757,1045.0,FSL,693.0,FEL
6,22,2,2,3,2,2,East-Down1,1306.35,0,2,28,2,2222322East-Down1,4301354156,T,0.0,567805.1432484057,4460234.120608757,1045.0,FSL,693.0,FEL
7,22,2,2,3,2,2,East-Down2,1306.35,0,2,28,2,2222322East-Down2,4301354156,T,0.0,567805.1432484057,4460234.120608757,1045.0,FSL,693.0,FEL
8,22,2,2,3,2,2,North-Left2,1325.48,89,44,27,4,2222322North-Left2,4301354156,T,0.0,567805.1432484057,4460234.120608757,1045.0,FSL,693.0,FEL
9,22,2,2,3,2,2,North-Left1,1325.48,89,44,27,4,2222322North-Left1,4301354156,T,0.0,567805.1432484057,4460234.120608757,1045.0,FSL,693.0,FEL
10,22,2,2,3,2,2,North-Right1,1325.48,89,44,27,4,2222322North-Right1,4301354156,T,0.0,567805.1432484057,4460234.120608757,1045.0,FSL,693.0,FEL
11,22,2,2,3,2,2,North-Right2,1325.48,89,44,27,4,2222322North-Right2,4301354156,T,0.0,567805.1432484057,4460234.120608757,1045.0,FSL,693.0,FEL
12,22,2,2,3,2,2,South-Left2,1321.4275,89,45,42,4,2222322South-Left2,4301354156,T,0.0,567805.1432484057,4460234.120608757,1045.0,FSL,693.0,FEL
13,22,2,2,3,2,2,South-Left1,1321.4275,89,45,42,4,2222322South-Left1,4301354156,T,0.0,567805.1432484057,4460234.120608757,1045.0,FSL,693.0,FEL
14,22,2,2,3,2,2,South-Right1,1321.4275,89,45,42,4,2222322South-Right1,4301354156,T,0.0,567805.1432484057,4460234.120608757,1045.0,FSL,693.0,FEL
15,22,2,2,3,2,2,South-Right2,1321.4275,89,45,42,4,2222322South-Right2,4301354156,T,0.0,567805.1432484057,4460234.120608757,1045.0,FSL,693.0,FEL
16,25,3,2,5,2,2,West-Up2,0.0,0,0,0,0,2532522West-Up2,43013541050,T,0.0,551792.2760752592,4449916.836939858,155.0,FNL,620.0,FEL
17,25,3,2,5,2,2,West-Up1,2640.85,0,3,54,2,2532522West-Up1,43013541050,T,0.0,551792.2760752592,4449916.836939858,155.0,FNL,620.0,FEL
18,25,3,2,5,2,2,West-Down1,2640.85,0,3,54,2,2532522West-Down1,43013541050,T,0.0,551792.2760752592,4449916.836939858,155.0,FNL,620.0,FEL
19,25,3,2,5,2,2,West-Down2,0.0,0,0,0,0,2532522West-Down2,43013541050,T,0.0,551792.2760752592,4449916.836939858,155.0,FNL,620.0,FEL
20,25,3,2,5,2,2,East-Up2,0.0,0,0,0,0,2532522East-Up2,43013541050,T,0.0,551792.2760752592,4449916.836939858,155.0,FNL,620.0,FEL
21,25,3,2,5,2,2,East-Up1,2648.0,0,5,24,3,2532522East-Up1,43013541050,T,0.0,551792.2760752592,4449916.836939858,155.0,FNL,620.0,FEL
22,25,3,2,5,2,2,East-Down1,2636.42,0,6,27,3,2532522East-Down1,43013541050,T,0.0,551792.2760752592,4449916.836939858,155.0,FNL,620.0,FEL
23,25,3,2,5,2,2,East-Down2,0.0,0,0,0,0,2532522East-Down2,43013541050,T,0.0,551792.2760752592,4449916.836939858,155.0,FNL,620.0,FEL
24,25,3,2,5,2,2,North-Left2,0.0,0,0,0,0,2532522North-Left2,43013541050,T,0.0,551792.2760752592,4449916.836939858,155.0,FNL,620.0,FEL
25,25,3,2,5,2,2,North-Left1,2644.22,89,44,10,3,2532522North-Left1,43013541050,T,0.0,551792.2760752592,4449916.836939858,155.0,FNL,620.0,FEL
26,25,3,2,5,2,2,North-Right1,2644.09,89,44,3,2,2532522North-Right1,43013541050,T,0.0,551792.2760752592,4449916.836939858,155.0,FNL,620.0,FEL
27,25,3,2,5,2,2,North-Right2,0.0,0,0,0,0,2532522North-Right2,43013541050,T,0.0,551792.2760752592,4449916.836939858,155.0,FNL,620.0,FEL
28,25,3,2,5,2,2,South-Left2,1317.41,89,58,11,3,2532522South-Left2,43013541050,T,0.0,551792.2760752592,4449916.836939858,155.0,FNL,620.0,FEL
29,25,3,2,5,2,2,South-Left1,1317.51,89,58,41,3,2532522South-Left1,43013541050,T,0.0,551792.2760752592,4449916.836939858,155.0,FNL,620.0,FEL
30,25,3,2,5,2,2,South-Right1,1317.51,89,58,41,3,2532522South-Right1,43013541050,T,0.0,551792.2760752592,4449916.836939858,155.0,FNL,620.0,FEL
31,25,3,2,5,2,2,South-Right2,1331.31,89,8,18,3,2532522South-Right2,43013541050,T,0.0,551792.2760752592,4449916.836939858,155.0,FNL,620.0,FEL
32,30,2,2,2,2,2,West-Up2,0.0,0,0,0,0,3022222West-Up2,43013541600,G,0.86,571544.2241630045,4458956.271519807,2033.0,FSL,946.0,FWL
33,30,2,2,2,2,2,West-Up1,2593.0,0,7,9,2,3022222West-Up1,43013541600,G,0.86,571544.2241630045,4458956.271519807,2033.0,FSL,946.0,FWL
34,30,2,2,2,2,2,West-Down1,1369.29,0,34,46,2,3022222West-Down1,43013541600,G,0.86,571544.2241630045,4458956.271519807,2033.0,FSL,946.0,FWL
35,30,2,2,2,2,2,West-Down2,1322.15,0,5,32,2,3022222West-Down2,43013541600,G,0.86,571544.2241630045,4458956.271519807,2033.0,FSL,946.0,FWL
36,30,2,2,2,2,2,East-Up2,0.0,0,0,0,0,3022222East-Up2,43013541600,G,0.86,571544.2241630045,4458956.271519807,2033.0,FSL,946.0,FWL
37,30,2,2,2,2,2,East-Up1,5291.53,0,7,16,3,3022222East-Up1,43013541600,G,0.86,571544.2241630045,4458956.271519807,2033.0,FSL,946.0,FWL
38,30,2,2,2,2,2,East-Down1,0.0,0,0,0,0,3022222East-Down1,43013541600,G,0.86,571544.2241630045,4458956.271519807,2033.0,FSL,946.0,FWL
39,30,2,2,2,2,2,East-Down2,0.0,0,0,0,0,3022222East-Down2,43013541600,G,0.86,571544.2241630045,4458956.271519807,2033.0,FSL,946.0,FWL
40,30,2,2,2,2,2,North-Left2,0.0,0,0,0,0,3022222North-Left2,43013541600,G,0.86,571544.2241630045,4458956.271519807,2033.0,FSL,946.0,FWL
41,30,2,2,2,2,2,North-Left1,5185.43,89,43,13,3,3022222North-Left1,43013541600,G,0.86,571544.2241630045,4458956.271519807,2033.0,FSL,946.0,FWL
42,30,2,2,2,2,2,North-Right1,0.0,0,0,0,0,3022222North-Right1,43013541600,G,0.86,571544.2241630045,4458956.271519807,2033.0,FSL,946.0,FWL
43,30,2,2,2,2,2,North-Right2,0.0,0,0,0,0,3022222North-Right2,43013541600,G,0.86,571544.2241630045,4458956.271519807,2033.0,FSL,946.0,FWL
44,30,2,2,2,2,2,South-Left2,0.0,0,0,0,0,3022222South-Left2,43013541600,G,0.86,571544.2241630045,4458956.271519807,2033.0,FSL,946.0,FWL
45,30,2,2,2,2,2,South-Left1,5195.57,89,47,59,2,3022222South-Left1,43013541600,G,0.86,571544.2241630045,4458956.271519807,2033.0,FSL,946.0,FWL
46,30,2,2,2,2,2,South-Right1,0.0,0,0,0,0,3022222South-Right1,43013541600,G,0.86,571544.2241630045,4458956.271519807,2033.0,FSL,946.0,FWL
47,30,2,2,2,2,2,South-Right2,0.0,0,0,0,0,3022222South-Right2,43013541600,G,0.86,571544.2241630045,4458956.271519807,2033.0,FSL,946.0,FWL
48,2,3,2,2,2,2,West-Up2,1356.95,0,2,41,2,232222West-Up2,43013535060,G,0.91,579073.159925982,4456527.591248291,1123.0,FNL,982.0,FEL
49,2,3,2,2,2,2,West-Up1,1313.46,0,2,36,2,232222West-Up1,43013535060,G,0.91,579073.159925982,4456527.591248291,1123.0,FNL,982.0,FEL
50,2,3,2,2,2,2,West-Down1,2632.56,0,2,58,2,232222West-Down1,43013535060,G,0.91,579073.159925982,4456527.591248291,1123.0,FNL,982.0,FEL
51,2,3,2,2,2,2,West-Down2,0.0,0,0,0,0,232222West-Down2,43013535060,G,0.91,579073.159925982,4456527.591248291,1123.0,FNL,982.0,FEL
52,2,3,2,2,2,2,East-Up2,1342.87,0,14,8,4,232222East-Up2,43013535060,G,0.91,579073.159925982,4456527.591248291,1123.0,FNL,982.0,FEL
53,2,3,2,2,2,2,East-Up1,1320.0,0,14,15,4,232222East-Up1,43013535060,G,0.91,579073.159925982,4456527.591248291,1123.0,FNL,982.0,FEL
54,2,3,2,2,2,2,East-Down1,2624.8,0,14,15,4,232222East-Down1,43013535060,G,0.91,579073.159925982,4456527.591248291,1123.0,FNL,982.0,FEL
55,2,3,2,2,2,2,East-Down2,0.0,0,0,0,0,232222East-Down2,43013535060,G,0.91,579073.159925982,4456527.591248291,1123.0,FNL,982.0,FEL
56,2,3,2,2,2,2,North-Left2,1322.24,89,55,43,4,232222North-Left2,43013535060,G,0.91,579073.159925982,4456527.591248291,1123.0,FNL,982.0,FEL
57,2,3,2,2,2,2,North-Left1,1322.4,89,55,37,4,232222North-Left1,43013535060,G,0.91,579073.159925982,4456527.591248291,1123.0,FNL,982.0,FEL
58,2,3,2,2,2,2,North-Right1,1320.33,89,48,0,3,232222North-Right1,43013535060,G,0.91,579073.159925982,4456527.591248291,1123.0,FNL,982.0,FEL
59,2,3,2,2,2,2,North-Right2,1319.65,89,48,6,3,232222North-Right2,43013535060,G,0.91,579073.159925982,4456527.591248291,1123.0,FNL,982.0,FEL
60,2,3,2,2,2,2,South-Left2,0.0,0,0,0,0,232222South-Left2,43013535060,G,0.91,579073.159925982,4456527.591248291,1123.0,FNL,982.0,FEL
61,2,3,2,2,2,2,South-Left1,2661.69,89,47,29,3,232222South-Left1,43013535060,G,0.91,579073.159925982,4456527.591248291,1123.0,FNL,982.0,FEL
62,2,3,2,2,2,2,South-Right1,1323.07,89,43,51,3,232222South-Right1,43013535060,G,0.91,579073.159925982,4456527.591248291,1123.0,FNL,982.0,FEL
63,2,3,2,2,2,2,South-Right2,1326.06,89,46,19,3,232222South-Right2,43013535060,G,0.91,579073.159925982,4456527.591248291,1123.0,FNL,982.0,FEL
64,24,3,2,1,2,2,West-Up2,0.0,0,0,0,0,2432122West-Up2,43047562740,T,0.0,589663.7045791703,4450545.469132208,44.0,FSL,2133.0,FWL
65,24,3,2,1,2,2,West-Up1,2616.23,0,4,26,2,2432122West-Up1,43047562740,T,0.0,589663.7045791703,4450545.469132208,44.0,FSL,2133.0,FWL
66,24,3,2,1,2,2,West-Down1,2644.08,0,5,26,4,2432122West-Down1,43047562740,T,0.0,589663.7045791703,4450545.469132208,44.0,FSL,2133.0,FWL
67,24,3,2,1,2,2,West-Down2,0.0,0,0,0,0,2432122West-Down2,43047562740,T,0.0,589663.7045791703,4450545.469132208,44.0,FSL,2133.0,FWL
68,24,3,2,1,2,2,East-Up2,0.0,0,0,0,0,2432122East-Up2,43047562740,T,0.0,589663.7045791703,4450545.469132208,44.0,FSL,2133.0,FWL
69,24,3,2,1,2,2,East-Up1,2641.75,0,2,22,4,2432122East-Up1,43047562740,T,0.0,589663.7045791703,4450545.469132208,44.0,FSL,2133.0,FWL
70,24,3,2,1,2,2,East-Down1,2629.59,0,7,30,4,2432122East-Down1,43047562740,T,0.0,589663.7045791703,4450545.469132208,44.0,FSL,2133.0,FWL
71,24,3,2,1,2,2,East-Down2,0.0,0,0,0,0,2432122East-Down2,43047562740,T,0.0,589663.7045791703,4450545.469132208,44.0,FSL,2133.0,FWL
72,24,3,2,1,2,2,North-Left2,1320.19,89,44,10,1,2432122North-Left2,43047562740,T,0.0,589663.7045791703,4450545.469132208,44.0,FSL,2133.0,FWL
73,24,3,2,1,2,2,North-Left1,1320.14,89,49,37,2,2432122North-Left1,43047562740,T,0.0,589663.7045791703,4450545.469132208,44.0,FSL,2133.0,FWL
74,24,3,2,1,2,2,North-Right1,1320.53,89,52,7,2,2432122North-Right1,43047562740,T,0.0,589663.7045791703,4450545.469132208,44.0,FSL,2133.0,FWL
75,24,3,2,1,2,2,North-Right2,1320.53,89,52,7,2,2432122North-Right2,43047562740,T,0.0,589663.7045791703,4450545.469132208,44.0,FSL,2133.0,FWL
76,24,3,2,1,2,2,South-Left2,0.0,0,0,0,0,2432122South-Left2,43047562740,T,0.0,589663.7045791703,4450545.469132208,44.0,FSL,2133.0,FWL
77,24,3,2,1,2,2,South-Left1,2636.51,89,56,33,4,2432122South-Left1,43047562740,T,0.0,589663.7045791703,4450545.469132208,44.0,FSL,2133.0,FWL
78,24,3,2,1,2,2,South-Right1,2651.64,89,54,17,4,2432122South-Right1,43047562740,T,0.0,589663.7045791703,4450545.469132208,44.0,FSL,2133.0,FWL
79,24,3,2,1,2,2,South-Right2,0.0,0,0,0,0,2432122South-Right2,43047562740,T,0.0,589663.7045791703,4450545.469132208,44.0,FSL,2133.0,FWL
80,11,2,2,3,2,2,West-Up2,1301.23,0,6,3,2,1122322West-Up2,43013539000,T,0.0,568129.6072732734,4463595.787082783,1552.0,FSL,389.0,FWL
81,11,2,2,3,2,2,West-Up1,1301.25,0,6,17,2,1122322West-Up1,43013539000,T,0.0,568129.6072732734,4463595.787082783,1552.0,FSL,389.0,FWL
82,11,2,2,3,2,2,West-Down1,1316.87,0,5,8,2,1122322West-Down1,43013539000,T,0.0,568129.6072732734,4463595.787082783,1552.0,FSL,389.0,FWL
83,11,2,2,3,2,2,West-Down2,1316.87,0,5,8,2,1122322West-Down2,43013539000,T,0.0,568129.6072732734,4463595.787082783,1552.0,FSL,389.0,FWL
84,11,2,2,3,2,2,East-Up2,1270.77,0,26,3,4,1122322East-Up2,43013539000,T,0.0,568129.6072732734,4463595.787082783,1552.0,FSL,389.0,FWL
85,11,2,2,3,2,2,East-Up1,1318.27,0,26,21,4,1122322East-Up1,43013539000,T,0.0,568129.6072732734,4463595.787082783,1552.0,FSL,389.0,FWL
86,11,2,2,3,2,2,East-Down1,1313.61,0,12,33,2,1122322East-Down1,43013539000,T,0.0,568129.6072732734,4463595.787082783,1552.0,FSL,389.0,FWL
87,11,2,2,3,2,2,East-Down2,1313.65,0,12,47,2,1122322East-Down2,43013539000,T,0.0,568129.6072732734,4463595.787082783,1552.0,FSL,389.0,FWL
88,11,2,2,3,2,2,North-Left2,0.0,0,0,0,0,1122322North-Left2,43013539000,T,0.0,568129.6072732734,4463595.787082783,1552.0,FSL,389.0,FWL
89,11,2,2,3,2,2,North-Left1,5265.34,89,57,16,4,1122322North-Left1,43013539000,T,0.0,568129.6072732734,4463595.787082783,1552.0,FSL,389.0,FWL
90,11,2,2,3,2,2,North-Right1,0.0,0,0,0,0,1122322North-Right1,43013539000,T,0.0,568129.6072732734,4463595.787082783,1552.0,FSL,389.0,FWL
91,11,2,2,3,2,2,North-Right2,0.0,0,0,0,0,1122322North-Right2,43013539000,T,0.0,568129.6072732734,4463595.787082783,1552.0,FSL,389.0,FWL
92,11,2,2,3,2,2,South-Left2,0.0,0,0,0,0,1122322South-Left2,43013539000,T,0.0,568129.6072732734,4463595.787082783,1552.0,FSL,389.0,FWL
93,11,2,2,3,2,2,South-Left1,5284.01,89,49,43,3,1122322South-Left1,43013539000,T,0.0,568129.6072732734,4463595.787082783,1552.0,FSL,389.0,FWL
94,11,2,2,3,2,2,South-Right1,0.0,0,0,0,0,1122322South-Right1,43013539000,T,0.0,568129.6072732734,4463595.787082783,1552.0,FSL,389.0,FWL
95,11,2,2,3,2,2,South-Right2,0.0,0,0,0,0,1122322South-Right2,43013539000,T,0.0,568129.6072732734,4463595.787082783,1552.0,FSL,389.0,FWL
96,31,2,2,2,2,2,West-Up2,0.0,0,0,0,0,3122222West-Up2,43013536260,G,0.86,571406.0146434379,4457480.89315352,2475.0,FSL,455.0,FWL
97,31,2,2,2,2,2,West-Up1,2635.54,0,2,14,1,3122222West-Up1,43013536260,G,0.86,571406.0146434379,4457480.89315352,2475.0,FSL,455.0,FWL
98,31,2,2,2,2,2,West-Down1,2642.88,0,2,57,3,3122222West-Down1,43013536260,G,0.86,571406.0146434379,4457480.89315352,2475.0,FSL,455.0,FWL
99,31,2,2,2,2,2,West-Down2,0.0,0,0,0,0,3122222West-Down2,43013536260,G,0.86,571406.0146434379,4457480.89315352,2475.0,FSL,455.0,FWL
100,31,2,2,2,2,2,East-Up2,0.0,0,0,0,0,3122222East-Up2,43013536260,G,0.86,571406.0146434379,4457480.89315352,2475.0,FSL,455.0,FWL
101,31,2,2,2,2,2,East-Up1,2666.6,0,1,47,1,3122222East-Up1,43013536260,G,0.86,571406.0146434379,4457480.89315352,2475.0,FSL,455.0,FWL
102,31,2,2,2,2,2,East-Down1,2606.75,0,1,3,1,3122222East-Down1,43013536260,G,0.86,571406.0146434379,4457480.89315352,2475.0,FSL,455.0,FWL
103,31,2,2,2,2,2,East-Down2,0.0,0,0,0,0,3122222East-Down2,43013536260,G,0.86,571406.0146434379,4457480.89315352,2475.0,FSL,455.0,FWL
104,31,2,2,2,2,2,North-Left2,0.0,0,0,0,0,3122222North-Left2,43013536260,G,0.86,571406.0146434379,4457480.89315352,2475.0,FSL,455.0,FWL
105,31,2,2,2,2,2,North-Left1,5195.57,89,47,59,2,3122222North-Left1,43013536260,G,0.86,571406.0146434379,4457480.89315352,2475.0,FSL,455.0,FWL
106,31,2,2,2,2,2,North-Right1,0.0,0,0,0,0,3122222North-Right1,43013536260,G,0.86,571406.0146434379,4457480.89315352,2475.0,FSL,455.0,FWL
107,31,2,2,2,2,2,North-Right2,0.0,0,0,0,0,3122222North-Right2,43013536260,G,0.86,571406.0146434379,4457480.89315352,2475.0,FSL,455.0,FWL
108,31,2,2,2,2,2,South-Left2,1235.48,89,44,35,3,3122222South-Left2,43013536260,G,0.86,571406.0146434379,4457480.89315352,2475.0,FSL,455.0,FWL
109,31,2,2,2,2,2,South-Left1,1321.06666666667,89,44,39,3,3122222South-Left1,43013536260,G,0.86,571406.0146434379,4457480.89315352,2475.0,FSL,455.0,FWL
110,31,2,2,2,2,2,South-Right1,1321.06666666667,89,44,39,3,3122222South-Right1,43013536260,G,0.86,571406.0146434379,4457480.89315352,2475.0,FSL,455.0,FWL
111,31,2,2,2,2,2,South-Right2,1321.06666666667,89,44,39,3,3122222South-Right2,43013536260,G,0.86,571406.0146434379,4457480.89315352,2475.0,FSL,455.0,FWL
112,16,7,2,22,1,1,West-Up2,0.0,0,0,0,0,16722211West-Up2,43047565820,T,0.0,632790.4096335341,4451593.449001559,8.0,FSL,1167.0,FEL
113,16,7,2,22,1,1,West-Up1,2640.81,0,23,10,4,16722211West-Up1,43047565820,T,0.0,632790.4096335341,4451593.449001559,8.0,FSL,1167.0,FEL
114,16,7,2,22,1,1,West-Down1,0.0,2640.43,0,24,36,16722211West-Down1,43047565820,T,0.0,632790.4096335341,4451593.449001559,8.0,FSL,1167.0,FEL
115,16,7,2,22,1,1,West-Down2,0.0,0,0,0,0,16722211West-Down2,43047565820,T,0.0,632790.4096335341,4451593.449001559,8.0,FSL,1167.0,FEL
116,16,7,2,22,1,1,East-Up2,0.0,0,0,0,0,16722211East-Up2,43047565820,T,0.0,632790.4096335341,4451593.449001559,8.0,FSL,1167.0,FEL
117,16,7,2,22,1,1,East-Up1,2641.61,0,24,55,4,16722211East-Up1,43047565820,T,0.0,632790.4096335341,4451593.449001559,8.0,FSL,1167.0,FEL
118,16,7,2,22,1,1,East-Down1,0.0,2641.25,0,24,55,16722211East-Down1,43047565820,T,0.0,632790.4096335341,4451593.449001559,8.0,FSL,1167.0,FEL
119,16,7,2,22,1,1,East-Down2,0.0,0,0,0,0,16722211East-Down2,43047565820,T,0.0,632790.4096335341,4451593.449001559,8.0,FSL,1167.0,FEL
120,16,7,2,22,1,1,North-Left2,0.0,0,0,0,0,16722211North-Left2,43047565820,T,0.0,632790.4096335341,4451593.449001559,8.0,FSL,1167.0,FEL
121,16,7,2,22,1,1,North-Left1,2645.71,89,36,18,3,16722211North-Left1,43047565820,T,0.0,632790.4096335341,4451593.449001559,8.0,FSL,1167.0,FEL
122,16,7,2,22,1,1,North-Right1,2645.96,89,36,14,3,16722211North-Right1,43047565820,T,0.0,632790.4096335341,4451593.449001559,8.0,FSL,1167.0,FEL
123,16,7,2,22,1,1,North-Right2,0.0,0,0,0,0,16722211North-Right2,43047565820,T,0.0,632790.4096335341,4451593.449001559,8.0,FSL,1167.0,FEL
124,16,7,2,22,1,1,South-Left2,0.0,0,0,0,0,16722211South-Left2,43047565820,T,0.0,632790.4096335341,4451593.449001559,8.0,FSL,1167.0,FEL
125,16,7,2,22,1,1,South-Left1,2648.06,89,38,47,3,16722211South-Left1,43047565820,T,0.0,632790.4096335341,4451593.449001559,8.0,FSL,1167.0,FEL
126,16,7,2,22,1,1,South-Right1,2645.21,89,35,51,3,16722211South-Right1,43047565820,T,0.0,632790.4096335341,4451593.449001559,8.0,FSL,1167.0,FEL
127,16,7,2,22,1,1,South-Right2,0.0,0,0,0,0,16722211South-Right2,43047565820,T,0.0,632790.4096335341,4451593.449001559,8.0,FSL,1167.0,FEL
128,36,7,2,20,1,1,West-Up2,1375.26,0,54,35,2,36722011West-Up2,43047564310,T,1.21,618078.7492979494,4446784.037284835,1408.0,FSL,1631.0,FEL
129,36,7,2,20,1,1,West-Up1,1375.27,0,55,0,2,36722011West-Up1,43047564310,T,1.21,618078.7492979494,4446784.037284835,1408.0,FSL,1631.0,FEL
130,36,7,2,20,1,1,West-Down1,1371.85,0,55,44,2,36722011West-Down1,43047564310,T,1.21,618078.7492979494,4446784.037284835,1408.0,FSL,1631.0,FEL
131,36,7,2,20,1,1,West-Down2,1371.08,0,55,24,2,36722011West-Down2,43047564310,T,1.21,618078.7492979494,4446784.037284835,1408.0,FSL,1631.0,FEL
132,36,7,2,20,1,1,East-Up2,1370.7,0,16,30,4,36722011East-Up2,43047564310,T,1.21,618078.7492979494,4446784.037284835,1408.0,FSL,1631.0,FEL
133,36,7,2,20,1,1,East-Up1,1316.93,0,50,46,4,36722011East-Up1,43047564310,T,1.21,618078.7492979494,4446784.037284835,1408.0,FSL,1631.0,FEL
134,36,7,2,20,1,1,East-Down1,1385.87,1,0,40,4,36722011East-Down1,43047564310,T,1.21,618078.7492979494,4446784.037284835,1408.0,FSL,1631.0,FEL
135,36,7,2,20,1,1,East-Down2,1246.61,0,58,24,4,36722011East-Down2,43047564310,T,1.21,618078.7492979494,4446784.037284835,1408.0,FSL,1631.0,FEL
136,36,7,2,20,1,1,North-Left2,0.0,0,0,0,0,36722011North-Left2,43047564310,T,1.21,618078.7492979494,4446784.037284835,1408.0,FSL,1631.0,FEL
137,36,7,2,20,1,1,North-Left1,2576.93,88,42,20,4,36722011North-Left1,43047564310,T,1.21,618078.7492979494,4446784.037284835,1408.0,FSL,1631.0,FEL
138,36,7,2,20,1,1,North-Right1,2579.76,88,42,50,4,36722011North-Right1,43047564310,T,1.21,618078.7492979494,4446784.037284835,1408.0,FSL,1631.0,FEL
139,36,7,2,20,1,1,North-Right2,0.0,0,0,0,0,36722011North-Right2,43047564310,T,1.21,618078.7492979494,4446784.037284835,1408.0,FSL,1631.0,FEL
140,36,7,2,20,1,1,South-Left2,0.0,0,0,0,0,36722011South-Left2,43047564310,T,1.21,618078.7492979494,4446784.037284835,1408.0,FSL,1631.0,FEL
141,36,7,2,20,1,1,South-Left1,2657.75,89,23,17,3,36722011South-Left1,43047564310,T,1.21,618078.7492979494,4446784.037284835,1408.0,FSL,1631.0,FEL
142,36,7,2,20,1,1,South-Right1,2657.77,89,22,53,3,36722011South-Right1,43047564310,T,1.21,618078.7492979494,4446784.037284835,1408.0,FSL,1631.0,FEL
143,36,7,2,20,1,1,South-Right2,0.0,0,0,0,0,36722011South-Right2,43047564310,T,1.21,618078.7492979494,4446784.037284835,1408.0,FSL,1631.0,FEL
144,4,2,2,1,2,2,West-Up2,1367.27,0,21,2,4,422122West-Up2,43013539700,G,0.96,584301.9699784484,4466522.984789513,254.0,FNL,919.0,FWL
145,4,2,2,1,2,2,West-Up1,1321.03,0,20,50,4,422122West-Up1,43013539700,G,0.96,584301.9699784484,4466522.984789513,254.0,FNL,919.0,FWL
146,4,2,2,1,2,2,West-Down1,1321.02,0,20,34,4,422122West-Down1,43013539700,G,0.96,584301.9699784484,4466522.984789513,254.0,FNL,919.0,FWL
147,4,2,2,1,2,2,West-Down2,1226.83,0,14,30,4,422122West-Down2,43013539700,G,0.96,584301.9699784484,4466522.984789513,254.0,FNL,919.0,FWL
148,4,2,2,1,2,2,East-Up2,0.0,0,0,0,0,422122East-Up2,43013539700,G,0.96,584301.9699784484,4466522.984789513,254.0,FNL,919.0,FWL
149,4,2,2,1,2,2,East-Up1,2669.84,0,9,26,3,422122East-Up1,43013539700,G,0.96,584301.9699784484,4466522.984789513,254.0,FNL,919.0,FWL
150,4,2,2,1,2,2,East-Down1,1322.35,0,53,53,4,422122East-Down1,43013539700,G,0.96,584301.9699784484,4466522.984789513,254.0,FNL,919.0,FWL
151,4,2,2,1,2,2,East-Down2,1322.05,0,52,48,4,422122East-Down2,43013539700,G,0.96,584301.9699784484,4466522.984789513,254.0,FNL,919.0,FWL
152,4,2,2,1,2,2,North-Left2,1319.03,88,58,51,3,422122North-Left2,43013539700,G,0.96,584301.9699784484,4466522.984789513,254.0,FNL,919.0,FWL
153,4,2,2,1,2,2,North-Left1,1317.06,89,3,46,3,422122North-Left1,43013539700,G,0.96,584301.9699784484,4466522.984789513,254.0,FNL,919.0,FWL
154,4,2,2,1,2,2,North-Right1,1317.06,89,3,46,3,422122North-Right1,43013539700,G,0.96,584301.9699784484,4466522.984789513,254.0,FNL,919.0,FWL
155,4,2,2,1,2,2,North-Right2,1317.06,89,3,46,3,422122North-Right2,43013539700,G,0.96,584301.9699784484,4466522.984789513,254.0,FNL,919.0,FWL
156,4,2,2,1,2,2,South-Left2,0.0,0,0,0,0,422122South-Left2,43013539700,G,0.96,584301.9699784484,4466522.984789513,254.0,FNL,919.0,FWL
157,4,2,2,1,2,2,South-Left1,2636.77,88,48,21,4,422122South-Left1,43013539700,G,0.96,584301.9699784484,4466522.984789513,254.0,FNL,919.0,FWL
158,4,2,2,1,2,2,South-Right1,1329.3,88,35,58,3,422122South-Right1,43013539700,G,0.96,584301.9699784484,4466522.984789513,254.0,FNL,919.0,FWL
159,4,2,2,1,2,2,South-Right2,1309.06,88,34,5,3,422122South-Right2,43013539700,G,0.96,584301.9699784484,4466522.984789513,254.0,FNL,919.0,FWL
160,30,3,2,2,1,2,West-Up2,1320.5,0,15,21,2,3032212West-Up2,4304756480,T,1.08,600923.5754287997,4450073.361553867,1974.0,FNL,2035.0,FWL
161,30,3,2,2,1,2,West-Up1,1321.44,0,5,5,2,3032212West-Up1,4304756480,T,1.08,600923.5754287997,4450073.361553867,1974.0,FNL,2035.0,FWL
162,30,3,2,2,1,2,West-Down1,1321.88,0,19,59,2,3032212West-Down1,4304756480,T,1.08,600923.5754287997,4450073.361553867,1974.0,FNL,2035.0,FWL
163,30,3,2,2,1,2,West-Down2,1307.26,0,42,7,4,3032212West-Down2,4304756480,T,1.08,600923.5754287997,4450073.361553867,1974.0,FNL,2035.0,FWL
164,30,3,2,2,1,2,East-Up2,1282.03,0,7,28,2,3032212East-Up2,4304756480,T,1.08,600923.5754287997,4450073.361553867,1974.0,FNL,2035.0,FWL
165,30,3,2,2,1,2,East-Up1,1318.45,0,3,21,4,3032212East-Up1,4304756480,T,1.08,600923.5754287997,4450073.361553867,1974.0,FNL,2035.0,FWL
166,30,3,2,2,1,2,East-Down1,1295.91,0,42,35,3,3032212East-Down1,4304756480,T,1.08,600923.5754287997,4450073.361553867,1974.0,FNL,2035.0,FWL
167,30,3,2,2,1,2,East-Down2,1348.91,0,43,34,1,3032212East-Down2,4304756480,T,1.08,600923.5754287997,4450073.361553867,1974.0,FNL,2035.0,FWL
168,30,3,2,2,1,2,North-Left2,1336.2,89,22,4,4,3032212North-Left2,4304756480,T,1.08,600923.5754287997,4450073.361553867,1974.0,FNL,2035.0,FWL
169,30,3,2,2,1,2,North-Left1,1323.33,89,22,55,4,3032212North-Left1,4304756480,T,1.08,600923.5754287997,4450073.361553867,1974.0,FNL,2035.0,FWL
170,30,3,2,2,1,2,North-Right1,1324.8,89,37,34,4,3032212North-Right1,4304756480,T,1.08,600923.5754287997,4450073.361553867,1974.0,FNL,2035.0,FWL
171,30,3,2,2,1,2,North-Right2,1324.34,87,12,44,4,3032212North-Right2,4304756480,T,1.08,600923.5754287997,4450073.361553867,1974.0,FNL,2035.0,FWL
172,30,3,2,2,1,2,South-Left2,1347.56,89,1,1,1,3032212South-Left2,4304756480,T,1.08,600923.5754287997,4450073.361553867,1974.0,FNL,2035.0,FWL
173,30,3,2,2,1,2,South-Left1,1317.26,89,1,1,1,3032212South-Left1,4304756480,T,1.08,600923.5754287997,4450073.361553867,1974.0,FNL,2035.0,FWL
174,30,3,2,2,1,2,South-Right1,1317.26,89,1,1,1,3032212South-Right1,4304756480,T,1.08,600923.5754287997,4450073.361553867,1974.0,FNL,2035.0,FWL
175,30,3,2,2,1,2,South-Right2,1324.49,89,41,33,4,3032212South-Right2,4304756480,T,1.08,600923.5754287997,4450073.361553867,1974.0,FNL,2035.0,FWL
176,23,4,2,2,1,2,West-Up2,1342.19,1,4,47,4,2342212West-Up2,43047567070,G,1.13,608300.0992403157,4442663.946804662,214.0,FNL,861.0,FEL
177,23,4,2,2,1,2,West-Up1,719.79,1,4,47,4,2342212West-Up1,43047567070,G,1.13,608300.0992403157,4442663.946804662,214.0,FNL,861.0,FEL
178,23,4,2,2,1,2,West-Down1,2636.47,1,5,1,4,2342212West-Down1,43047567070,G,1.13,608300.0992403157,4442663.946804662,214.0,FNL,861.0,FEL
179,23,4,2,2,1,2,West-Down2,0.0,0,0,0,0,2342212West-Down2,43047567070,G,1.13,608300.0992403157,4442663.946804662,214.0,FNL,861.0,FEL
180,23,4,2,2,1,2,East-Up2,1357.56,1,5,26,4,2342212East-Up2,43047567070,G,1.13,608300.0992403157,4442663.946804662,214.0,FNL,861.0,FEL
181,23,4,2,2,1,2,East-Up1,1357.5,1,5,18,4,2342212East-Up1,43047567070,G,1.13,608300.0992403157,4442663.946804662,214.0,FNL,861.0,FEL
182,23,4,2,2,1,2,East-Down1,1307.34,0,5,38,2,2342212East-Down1,43047567070,G,1.13,608300.0992403157,4442663.946804662,214.0,FNL,861.0,FEL
183,23,4,2,2,1,2,East-Down2,763.23,1,46,51,4,2342212East-Down2,43047567070,G,1.13,608300.0992403157,4442663.946804662,214.0,FNL,861.0,FEL
184,23,4,2,2,1,2,North-Left2,1204.99,88,12,32,2,2342212North-Left2,43047567070,G,1.13,608300.0992403157,4442663.946804662,214.0,FNL,861.0,FEL
185,23,4,2,2,1,2,North-Left1,1318.01,88,9,24,3,2342212North-Left1,43047567070,G,1.13,608300.0992403157,4442663.946804662,214.0,FNL,861.0,FEL
186,23,4,2,2,1,2,North-Right1,1318.03,88,9,30,3,2342212North-Right1,43047567070,G,1.13,608300.0992403157,4442663.946804662,214.0,FNL,861.0,FEL
187,23,4,2,2,1,2,North-Right2,1386.61,87,30,54,3,2342212North-Right2,43047567070,G,1.13,608300.0992403157,4442663.946804662,214.0,FNL,861.0,FEL
188,23,4,2,2,1,2,South-Left2,0.0,0,0,0,0,2342212South-Left2,43047567070,G,1.13,608300.0992403157,4442663.946804662,214.0,FNL,861.0,FEL
189,23,4,2,2,1,2,South-Left1,2655.17,88,57,10,3,2342212South-Left1,43047567070,G,1.13,608300.0992403157,4442663.946804662,214.0,FNL,861.0,FEL
190,23,4,2,2,1,2,South-Right1,1327.67,88,56,58,3,2342212South-Right1,43047567070,G,1.13,608300.0992403157,4442663.946804662,214.0,FNL,861.0,FEL
191,23,4,2,2,1,2,South-Right2,1226.84,88,56,56,3,2342212South-Right2,43047567070,G,1.13,608300.0992403157,4442663.946804662,214.0,FNL,861.0,FEL
192,27,2,2,4,2,2,West-Up2,0.0,0,0,0,0,2722422West-Up2,43013541220,T,0.0,558294.0472686291,4458492.766215834,1297.0,FSL,413.0,FEL
193,27,2,2,4,2,2,West-Up1,2640.0,0,17,48,4,2722422West-Up1,43013541220,T,0.0,558294.0472686291,4458492.766215834,1297.0,FSL,413.0,FEL
194,27,2,2,4,2,2,West-Down1,2610.79,0,12,56,4,2722422West-Down1,43013541220,T,0.0,558294.0472686291,4458492.766215834,1297.0,FSL,413.0,FEL
195,27,2,2,4,2,2,West-Down2,0.0,0,0,0,0,2722422West-Down2,43013541220,T,0.0,558294.0472686291,4458492.766215834,1297.0,FSL,413.0,FEL
196,27,2,2,4,2,2,East-Up2,0.0,0,0,0,0,2722422East-Up2,43013541220,T,0.0,558294.0472686291,4458492.766215834,1297.0,FSL,413.0,FEL
197,27,2,2,4,2,2,East-Up1,2649.97,0,55,27,4,2722422East-Up1,43013541220,T,0.0,558294.0472686291,4458492.766215834,1297.0,FSL,413.0,FEL
198,27,2,2,4,2,2,East-Down1,2644.16,0,4,32,3,2722422East-Down1,43013541220,T,0.0,558294.0472686291,4458492.766215834,1297.0,FSL,413.0,FEL
199,27,2,2,4,2,2,East-Down2,0.0,0,0,0,0,2722422East-Down2,43013541220,T,0.0,558294.0472686291,4458492.766215834,1297.0,FSL,413.0,FEL
200,27,2,2,4,2,2,North-Left2,0.0,0,0,0,0,2722422North-Left2,43013541220,T,0.0,558294.0472686291,4458492.766215834,1297.0,FSL,413.0,FEL
201,27,2,2,4,2,2,North-Left1,5270.38,89,42,2,3,2722422North-Left1,43013541220,T,0.0,558294.0472686291,4458492.766215834,1297.0,FSL,413.0,FEL
202,27,2,2,4,2,2,North-Right1,0.0,0,0,0,0,2722422North-Right1,43013541220,T,0.0,558294.0472686291,4458492.766215834,1297.0,FSL,413.0,FEL
203,27,2,2,4,2,2,North-Right2,0.0,0,0,0,0,2722422North-Right2,43013541220,T,0.0,558294.0472686291,4458492.766215834,1297.0,FSL,413.0,FEL
204,27,2,2,4,2,2,South-Left2,0.0,0,0,0,0,2722422South-Left2,43013541220,T,0.0,558294.0472686291,4458492.766215834,1297.0,FSL,413.0,FEL
205,27,2,2,4,2,2,South-Left1,2650.48,89,39,23,1,2722422South-Left1,43013541220,T,0.0,558294.0472686291,4458492.766215834,1297.0,FSL,413.0,FEL
206,27,2,2,4,2,2,South-Right1,2635.63,89,58,49,2,2722422South-Right1,43013541220,T,0.0,558294.0472686291,4458492.766215834,1297.0,FSL,413.0,FEL
207,27,2,2,4,2,2,South-Right2,0.0,0,0,0,0,2722422South-Right2,43013541220,T,0.0,558294.0472686291,4458492.766215834,1297.0,FSL,413.0,FEL
208,15,3,2,1,1,2,West-Up2,0.0,0,0,0,0,1532112West-Up2,43047567250,G,1.03,595759.0492211715,4452301.83216415,298.0,FSL,1046.0,FWL
209,15,3,2,1,1,2,West-Up1,2640.6,0,21,37,2,1532112West-Up1,43047567250,G,1.03,595759.0492211715,4452301.83216415,298.0,FSL,1046.0,FWL
210,15,3,2,1,1,2,West-Down1,2653.44,0,13,18,4,1532112West-Down1,43047567250,G,1.03,595759.0492211715,4452301.83216415,298.0,FSL,1046.0,FWL
211,15,3,2,1,1,2,West-Down2,0.0,0,0,0,0,1532112West-Down2,43047567250,G,1.03,595759.0492211715,4452301.83216415,298.0,FSL,1046.0,FWL
212,15,3,2,1,1,2,East-Up2,1326.98,0,10,7,2,1532112East-Up2,43047567250,G,1.03,595759.0492211715,4452301.83216415,298.0,FSL,1046.0,FWL
213,15,3,2,1,1,2,East-Up1,1326.75,0,25,25,4,1532112East-Up1,43047567250,G,1.03,595759.0492211715,4452301.83216415,298.0,FSL,1046.0,FWL
214,15,3,2,1,1,2,East-Down1,1326.64,0,7,37,4,1532112East-Down1,43047567250,G,1.03,595759.0492211715,4452301.83216415,298.0,FSL,1046.0,FWL
215,15,3,2,1,1,2,East-Down2,1318.55,0,23,48,4,1532112East-Down2,43047567250,G,1.03,595759.0492211715,4452301.83216415,298.0,FSL,1046.0,FWL
216,15,3,2,1,1,2,North-Left2,1323.0,89,47,38,2,1532112North-Left2,43047567250,G,1.03,595759.0492211715,4452301.83216415,298.0,FSL,1046.0,FWL
217,15,3,2,1,1,2,North-Left1,1315.46,89,35,33,1,1532112North-Left1,43047567250,G,1.03,595759.0492211715,4452301.83216415,298.0,FSL,1046.0,FWL
218,15,3,2,1,1,2,North-Right1,1326.71,89,5,28,1,1532112North-Right1,43047567250,G,1.03,595759.0492211715,4452301.83216415,298.0,FSL,1046.0,FWL
219,15,3,2,1,1,2,North-Right2,1327.61,89,17,10,2,1532112North-Right2,43047567250,G,1.03,595759.0492211715,4452301.83216415,298.0,FSL,1046.0,FWL
220,15,3,2,1,1,2,South-Left2,0.0,0,0,0,0,1532112South-Left2,43047567250,G,1.03,595759.0492211715,4452301.83216415,298.0,FSL,1046.0,FWL
221,15,3,2,1,1,2,South-Left1,2635.6,89,40,23,1,1532112South-Left1,43047567250,G,1.03,595759.0492211715,4452301.83216415,298.0,FSL,1046.0,FWL
222,15,3,2,1,1,2,South-Right1,2681.21,89,58,39,2,1532112South-Right1,43047567250,G,1.03,595759.0492211715,4452301.83216415,298.0,FSL,1046.0,FWL
223,15,3,2,1,1,2,South-Right2,0.0,0,0,0,0,1532112South-Right2,43047567250,G,1.03,595759.0492211715,4452301.83216415,298.0,FSL,1046.0,FWL
224,1,3,2,2,2,2,West-Up2,0.0,0,0,0,0,132222West-Up2,43013538240,G,0.93,580441.2260341495,4456439.822757799,1463.0,FNL,1577.0,FEL
225,1,3,2,2,2,2,West-Up1,5287.94,1,7,1,4,132222West-Up1,43013538240,G,0.93,580441.2260341495,4456439.822757799,1463.0,FNL,1577.0,FEL
226,1,3,2,2,2,2,West-Down1,0.0,0,0,0,0,132222West-Down1,43013538240,G,0.93,580441.2260341495,4456439.822757799,1463.0,FNL,1577.0,FEL
227,1,3,2,2,2,2,West-Down2,0.0,0,0,0,0,132222West-Down2,43013538240,G,0.93,580441.2260341495,4456439.822757799,1463.0,FNL,1577.0,FEL
228,1,3,2,2,2,2,East-Up2,0.0,0,0,0,0,132222East-Up2,43013538240,G,0.93,580441.2260341495,4456439.822757799,1463.0,FNL,1577.0,FEL
229,1,3,2,2,2,2,East-Up1,2644.7,0,54,41,4,132222East-Up1,43013538240,G,0.93,580441.2260341495,4456439.822757799,1463.0,FNL,1577.0,FEL
230,1,3,2,2,2,2,East-Down1,1320.81,1,3,6,4,132222East-Down1,43013538240,G,0.93,580441.2260341495,4456439.822757799,1463.0,FNL,1577.0,FEL
231,1,3,2,2,2,2,East-Down2,1321.04,0,54,40,4,132222East-Down2,43013538240,G,0.93,580441.2260341495,4456439.822757799,1463.0,FNL,1577.0,FEL
232,1,3,2,2,2,2,North-Left2,0.0,0,0,0,0,132222North-Left2,43013538240,G,0.93,580441.2260341495,4456439.822757799,1463.0,FNL,1577.0,FEL
233,1,3,2,2,2,2,North-Left1,2650.68,88,59,29,3,132222North-Left1,43013538240,G,0.93,580441.2260341495,4456439.822757799,1463.0,FNL,1577.0,FEL
234,1,3,2,2,2,2,North-Right1,1316.15,89,12,42,3,132222North-Right1,43013538240,G,0.93,580441.2260341495,4456439.822757799,1463.0,FNL,1577.0,FEL
235,1,3,2,2,2,2,North-Right2,1317.29,88,26,37,3,132222North-Right2,43013538240,G,0.93,580441.2260341495,4456439.822757799,1463.0,FNL,1577.0,FEL
236,1,3,2,2,2,2,South-Left2,1317.81,88,57,7,3,132222South-Left2,43013538240,G,0.93,580441.2260341495,4456439.822757799,1463.0,FNL,1577.0,FEL
237,1,3,2,2,2,2,South-Left1,1310.55,88,51,1,3,132222South-Left1,43013538240,G,0.93,580441.2260341495,4456439.822757799,1463.0,FNL,1577.0,FEL
238,1,3,2,2,2,2,South-Right1,2639.96,88,53,15,3,132222South-Right1,43013538240,G,0.93,580441.2260341495,4456439.822757799,1463.0,FNL,1577.0,FEL
239,1,3,2,2,2,2,South-Right2,0.0,0,0,0,0,132222South-Right2,43013538240,G,0.93,580441.2260341495,4456439.822757799,1463.0,FNL,1577.0,FEL
240,16,3,2,1,1,2,West-Up2,0.0,0,0,0,0,1632112West-Up2,43047567240,G,1.03,594328.8556919664,4452626.864974863,1435.0,FSL,1667.0,FWL
241,16,3,2,1,1,2,West-Up1,2661.7,0,17,28,4,1632112West-Up1,43047567240,G,1.03,594328.8556919664,4452626.864974863,1435.0,FSL,1667.0,FWL
242,16,3,2,1,1,2,West-Down1,2629.12,0,15,42,2,1632112West-Down1,43047567240,G,1.03,594328.8556919664,4452626.864974863,1435.0,FSL,1667.0,FWL
243,16,3,2,1,1,2,West-Down2,0.0,0,0,0,0,1632112West-Down2,43047567240,G,1.03,594328.8556919664,4452626.864974863,1435.0,FSL,1667.0,FWL
244,16,3,2,1,1,2,East-Up2,0.0,0,0,0,0,1632112East-Up2,43047567240,G,1.03,594328.8556919664,4452626.864974863,1435.0,FSL,1667.0,FWL
245,16,3,2,1,1,2,East-Up1,2640.6,0,21,37,2,1632112East-Up1,43047567240,G,1.03,594328.8556919664,4452626.864974863,1435.0,FSL,1667.0,FWL
246,16,3,2,1,1,2,East-Down1,2653.44,0,13,18,4,1632112East-Down1,43047567240,G,1.03,594328.8556919664,4452626.864974863,1435.0,FSL,1667.0,FWL
247,16,3,2,1,1,2,East-Down2,0.0,0,0,0,0,1632112East-Down2,43047567240,G,1.03,594328.8556919664,4452626.864974863,1435.0,FSL,1667.0,FWL
248,16,3,2,1,1,2,North-Left2,0.0,0,0,0,0,1632112North-Left2,43047567240,G,1.03,594328.8556919664,4452626.864974863,1435.0,FSL,1667.0,FWL
249,16,3,2,1,1,2,North-Left1,2643.7,89,59,18,2,1632112North-Left1,43047567240,G,1.03,594328.8556919664,4452626.864974863,1435.0,FSL,1667.0,FWL
250,16,3,2,1,1,2,North-Right1,2673.45,89,59,18,2,1632112North-Right1,43047567240,G,1.03,594328.8556919664,4452626.864974863,1435.0,FSL,1667.0,FWL
251,16,3,2,1,1,2,North-Right2,0.0,0,0,0,0,1632112North-Right2,43047567240,G,1.03,594328.8556919664,4452626.864974863,1435.0,FSL,1667.0,FWL
252,16,3,2,1,1,2,South-Left2,0.0,0,0,0,0,1632112South-Left2,43047567240,G,1.03,594328.8556919664,4452626.864974863,1435.0,FSL,1667.0,FWL
253,16,3,2,1,1,2,South-Left1,2641.89,89,36,6,1,1632112South-Left1,43047567240,G,1.03,594328.8556919664,4452626.864974863,1435.0,FSL,1667.0,FWL
254,16,3,2,1,1,2,South-Right1,2667.53,89,39,5,2,1632112South-Right1,43047567240,G,1.03,594328.8556919664,4452626.864974863,1435.0,FSL,1667.0,FWL
255,16,3,2,1,1,2,South-Right2,0.0,0,0,0,0,1632112South-Right2,43047567240,G,1.03,594328.8556919664,4452626.864974863,1435.0,FSL,1667.0,FWL
256,32,3,2,1,1,2,West-Up2,1322.2,0,57,38,1,3232112West-Up2,43047560560,T,0.0,592424.8561721173,4448773.328443549,573.0,FNL,563.0,FWL
257,32,3,2,1,1,2,West-Up1,1322.2,0,57,38,1,3232112West-Up1,43047560560,T,0.0,592424.8561721173,4448773.328443549,573.0,FNL,563.0,FWL
258,32,3,2,1,1,2,West-Down1,1334.05,0,57,38,1,3232112West-Down1,43047560560,T,0.0,592424.8561721173,4448773.328443549,573.0,FNL,563.0,FWL
259,32,3,2,1,1,2,West-Down2,1334.05,0,57,38,1,3232112West-Down2,43047560560,T,0.0,592424.8561721173,4448773.328443549,573.0,FNL,563.0,FWL
260,32,3,2,1,1,2,East-Up2,0.0,0,0,0,0,3232112East-Up2,43047560560,T,0.0,592424.8561721173,4448773.328443549,573.0,FNL,563.0,FWL
261,32,3,2,1,1,2,East-Up1,2643.2,1,1,55,1,3232112East-Up1,43047560560,T,0.0,592424.8561721173,4448773.328443549,573.0,FNL,563.0,FWL
262,32,3,2,1,1,2,East-Down1,2640.79,0,58,46,1,3232112East-Down1,43047560560,T,0.0,592424.8561721173,4448773.328443549,573.0,FNL,563.0,FWL
263,32,3,2,1,1,2,East-Down2,0.0,0,0,0,0,3232112East-Down2,43047560560,T,0.0,592424.8561721173,4448773.328443549,573.0,FNL,563.0,FWL
264,32,3,2,1,1,2,North-Left2,1331.9,89,3,34,2,3232112North-Left2,43047560560,T,0.0,592424.8561721173,4448773.328443549,573.0,FNL,563.0,FWL
265,32,3,2,1,1,2,North-Left1,1307.97,89,3,34,2,3232112North-Left1,43047560560,T,0.0,592424.8561721173,4448773.328443549,573.0,FNL,563.0,FWL
266,32,3,2,1,1,2,North-Right1,1307.96,89,3,34,2,3232112North-Right1,43047560560,T,0.0,592424.8561721173,4448773.328443549,573.0,FNL,563.0,FWL
267,32,3,2,1,1,2,North-Right2,1307.96,89,3,34,2,3232112North-Right2,43047560560,T,0.0,592424.8561721173,4448773.328443549,573.0,FNL,563.0,FWL
268,32,3,2,1,1,2,South-Left2,1314.94,88,41,27,2,3232112South-Left2,43047560560,T,0.0,592424.8561721173,4448773.328443549,573.0,FNL,563.0,FWL
269,32,3,2,1,1,2,South-Left1,1374.89,88,41,27,2,3232112South-Left1,43047560560,T,0.0,592424.8561721173,4448773.328443549,573.0,FNL,563.0,FWL
270,32,3,2,1,1,2,South-Right1,2569.87,88,48,21,2,3232112South-Right1,43047560560,T,0.0,592424.8561721173,4448773.328443549,573.0,FNL,563.0,FWL
271,32,3,2,1,1,2,South-Right2,0.0,0,0,0,0,3232112South-Right2,43047560560,T,0.0,592424.8561721173,4448773.328443549,573.0,FNL,563.0,FWL
272,23,2,2,1,2,2,West-Up2,0.0,0,20,51,1,2322122West-Up2,4304756638,T,0.0,588193.7292716376,4460546.10300737,1093.0,FSL,2369.0,FEL
273,23,2,2,1,2,2,West-Up1,2640.08,0,20,51,1,2322122West-Up1,4304756638,T,0.0,588193.7292716376,4460546.10300737,1093.0,FSL,2369.0,FEL
274,23,2,2,1,2,2,West-Down1,2639.8,0,25,42,4,2322122West-Down1,4304756638,T,0.0,588193.7292716376,4460546.10300737,1093.0,FSL,2369.0,FEL
275,23,2,2,1,2,2,West-Down2,0.0,0,25,42,4,2322122West-Down2,4304756638,T,0.0,588193.7292716376,4460546.10300737,1093.0,FSL,2369.0,FEL
276,23,2,2,1,2,2,East-Up2,0.0,0,21,6,4,2322122East-Up2,4304756638,T,0.0,588193.7292716376,4460546.10300737,1093.0,FSL,2369.0,FEL
277,23,2,2,1,2,2,East-Up1,2635.77,0,21,6,4,2322122East-Up1,4304756638,T,0.0,588193.7292716376,4460546.10300737,1093.0,FSL,2369.0,FEL
278,23,2,2,1,2,2,East-Down1,2639.08,0,20,1,4,2322122East-Down1,4304756638,T,0.0,588193.7292716376,4460546.10300737,1093.0,FSL,2369.0,FEL
279,23,2,2,1,2,2,East-Down2,0.0,0,20,1,4,2322122East-Down2,4304756638,T,0.0,588193.7292716376,4460546.10300737,1093.0,FSL,2369.0,FEL
280,23,2,2,1,2,2,North-Left2,0.0,89,35,15,2,2322122North-Left2,4304756638,T,0.0,588193.7292716376,4460546.10300737,1093.0,FSL,2369.0,FEL
281,23,2,2,1,2,2,North-Left1,2640.0,89,35,15,2,2322122North-Left1,4304756638,T,0.0,588193.7292716376,4460546.10300737,1093.0,FSL,2369.0,FEL
282,23,2,2,1,2,2,North-Right1,2644.74,89,35,15,2,2322122North-Right1,4304756638,T,0.0,588193.7292716376,4460546.10300737,1093.0,FSL,2369.0,FEL
283,23,2,2,1,2,2,North-Right2,0.0,89,35,15,2,2322122North-Right2,4304756638,T,0.0,588193.7292716376,4460546.10300737,1093.0,FSL,2369.0,FEL
284,23,2,2,1,2,2,South-Left2,0.0,89,31,47,3,2322122South-Left2,4304756638,T,0.0,588193.7292716376,4460546.10300737,1093.0,FSL,2369.0,FEL
285,23,2,2,1,2,2,South-Left1,2640.52,89,31,47,3,2322122South-Left1,4304756638,T,0.0,588193.7292716376,4460546.10300737,1093.0,FSL,2369.0,FEL
286,23,2,2,1,2,2,South-Right1,2640.05,89,32,9,3,2322122South-Right1,4304756638,T,0.0,588193.7292716376,4460546.10300737,1093.0,FSL,2369.0,FEL
287,23,2,2,1,2,2,South-Right2,0.0,89,32,9,3,2322122South-Right2,4304756638,T,0.0,588193.7292716376,4460546.10300737,1093.0,FSL,2369.0,FEL
288,32,2,2,3,2,2,West-Up2,1323.18,0,13,17,2,3222322West-Up2,4301354140,G,0.81,564507.0061082494,4457375.8436247585,2331.0,FSL,1039.0,FEL
289,32,2,2,3,2,2,West-Up1,1323.05,0,12,44,2,3222322West-Up1,4301354140,G,0.81,564507.0061082494,4457375.8436247585,2331.0,FSL,1039.0,FEL
290,32,2,2,3,2,2,West-Down1,1323.08,0,13,1,2,3222322West-Down1,4301354140,G,0.81,564507.0061082494,4457375.8436247585,2331.0,FSL,1039.0,FEL
291,32,2,2,3,2,2,West-Down2,1323.05,0,13,8,2,3222322West-Down2,4301354140,G,0.81,564507.0061082494,4457375.8436247585,2331.0,FSL,1039.0,FEL
292,32,2,2,3,2,2,East-Up2,0.0,0,0,0,0,3222322East-Up2,4301354140,G,0.81,564507.0061082494,4457375.8436247585,2331.0,FSL,1039.0,FEL
293,32,2,2,3,2,2,East-Up1,2636.44,0,8,33,4,3222322East-Up1,4301354140,G,0.81,564507.0061082494,4457375.8436247585,2331.0,FSL,1039.0,FEL
294,32,2,2,3,2,2,East-Down1,0.0,0,0,0,0,3222322East-Down1,4301354140,G,0.81,564507.0061082494,4457375.8436247585,2331.0,FSL,1039.0,FEL
295,32,2,2,3,2,2,East-Down2,2636.54,0,13,23,2,3222322East-Down2,4301354140,G,0.81,564507.0061082494,4457375.8436247585,2331.0,FSL,1039.0,FEL
296,32,2,2,3,2,2,North-Left2,0.0,0,0,0,0,3222322North-Left2,4301354140,G,0.81,564507.0061082494,4457375.8436247585,2331.0,FSL,1039.0,FEL
297,32,2,2,3,2,2,North-Left1,5273.04,89,54,8,4,3222322North-Left1,4301354140,G,0.81,564507.0061082494,4457375.8436247585,2331.0,FSL,1039.0,FEL
298,32,2,2,3,2,2,North-Right1,0.0,0,0,0,0,3222322North-Right1,4301354140,G,0.81,564507.0061082494,4457375.8436247585,2331.0,FSL,1039.0,FEL
299,32,2,2,3,2,2,North-Right2,0.0,0,0,0,0,3222322North-Right2,4301354140,G,0.81,564507.0061082494,4457375.8436247585,2331.0,FSL,1039.0,FEL
300,32,2,2,3,2,2,South-Left2,1325.35,89,57,4,3,3222322South-Left2,4301354140,G,0.81,564507.0061082494,4457375.8436247585,2331.0,FSL,1039.0,FEL
301,32,2,2,3,2,2,South-Left1,1318.38,89,52,18,3,3222322South-Left1,4301354140,G,0.81,564507.0061082494,4457375.8436247585,2331.0,FSL,1039.0,FEL
302,32,2,2,3,2,2,South-Right1,1323.92,89,52,37,3,3222322South-Right1,4301354140,G,0.81,564507.0061082494,4457375.8436247585,2331.0,FSL,1039.0,FEL
303,32,2,2,3,2,2,South-Right2,1321.78,89,51,2,3,3222322South-Right2,4301354140,G,0.81,564507.0061082494,4457375.8436247585,2331.0,FSL,1039.0,FEL
304,19,2,2,2,2,2,West-Up2,0.0,0,0,0,0,1922222West-Up2,43013537460,G,0.87,572669.4922874963,4460039.823415229,250.0,FSL,521.0,FEL
305,19,2,2,2,2,2,West-Up1,2642.66,0,16,17,2,1922222West-Up1,43013537460,G,0.87,572669.4922874963,4460039.823415229,250.0,FSL,521.0,FEL
306,19,2,2,2,2,2,West-Down1,2642.62,0,2,32,2,1922222West-Down1,43013537460,G,0.87,572669.4922874963,4460039.823415229,250.0,FSL,521.0,FEL
307,19,2,2,2,2,2,West-Down2,0.0,0,0,0,0,1922222West-Down2,43013537460,G,0.87,572669.4922874963,4460039.823415229,250.0,FSL,521.0,FEL
308,19,2,2,2,2,2,East-Up2,0.0,0,0,0,0,1922222East-Up2,43013537460,G,0.87,572669.4922874963,4460039.823415229,250.0,FSL,521.0,FEL
309,19,2,2,2,2,2,East-Up1,2634.18,0,16,54,2,1922222East-Up1,43013537460,G,0.87,572669.4922874963,4460039.823415229,250.0,FSL,521.0,FEL
310,19,2,2,2,2,2,East-Down1,2630.77,0,8,20,2,1922222East-Down1,43013537460,G,0.87,572669.4922874963,4460039.823415229,250.0,FSL,521.0,FEL
311,19,2,2,2,2,2,East-Down2,0.0,0,0,0,0,1922222East-Down2,43013537460,G,0.87,572669.4922874963,4460039.823415229,250.0,FSL,521.0,FEL
312,19,2,2,2,2,2,North-Left2,0.0,0,0,0,0,1922222North-Left2,43013537460,G,0.87,572669.4922874963,4460039.823415229,250.0,FSL,521.0,FEL
313,19,2,2,2,2,2,North-Left1,2543.39,89,56,37,4,1922222North-Left1,43013537460,G,0.87,572669.4922874963,4460039.823415229,250.0,FSL,521.0,FEL
314,19,2,2,2,2,2,North-Right1,2646.83,89,50,16,3,1922222North-Right1,43013537460,G,0.87,572669.4922874963,4460039.823415229,250.0,FSL,521.0,FEL
315,19,2,2,2,2,2,North-Right2,0.0,0,0,0,0,1922222North-Right2,43013537460,G,0.87,572669.4922874963,4460039.823415229,250.0,FSL,521.0,FEL
316,19,2,2,2,2,2,South-Left2,0.0,0,0,0,0,1922222South-Left2,43013537460,G,0.87,572669.4922874963,4460039.823415229,250.0,FSL,521.0,FEL
317,19,2,2,2,2,2,South-Left1,5185.43,89,43,13,3,1922222South-Left1,43013537460,G,0.87,572669.4922874963,4460039.823415229,250.0,FSL,521.0,FEL
318,19,2,2,2,2,2,South-Right1,0.0,0,0,0,0,1922222South-Right1,43013537460,G,0.87,572669.4922874963,4460039.823415229,250.0,FSL,521.0,FEL
319,19,2,2,2,2,2,South-Right2,0.0,0,0,0,0,1922222South-Right2,43013537460,G,0.87,572669.4922874963,4460039.823415229,250.0,FSL,521.0,FEL
320,27,2,2,3,2,2,West-Up2,1332.035,0,17,44,4,2722322West-Up2,4301354074,G,0.83,567917.3568523895,4458441.933563538,421.0,FSL,397.0,FEL
321,27,2,2,3,2,2,West-Up1,1332.035,0,17,44,4,2722322West-Up1,4301354074,G,0.83,567917.3568523895,4458441.933563538,421.0,FSL,397.0,FEL
322,27,2,2,3,2,2,West-Down1,1321.635,0,10,0,4,2722322West-Down1,4301354074,G,0.83,567917.3568523895,4458441.933563538,421.0,FSL,397.0,FEL
323,27,2,2,3,2,2,West-Down2,1321.635,0,10,0,4,2722322West-Down2,4301354074,G,0.83,567917.3568523895,4458441.933563538,421.0,FSL,397.0,FEL
324,27,2,2,3,2,2,East-Up2,1317.4,0,7,14,4,2722322East-Up2,4301354074,G,0.83,567917.3568523895,4458441.933563538,421.0,FSL,397.0,FEL
325,27,2,2,3,2,2,East-Up1,1317.4,0,7,14,4,2722322East-Up1,4301354074,G,0.83,567917.3568523895,4458441.933563538,421.0,FSL,397.0,FEL
326,27,2,2,3,2,2,East-Down1,1321.42,0,12,36,4,2722322East-Down1,4301354074,G,0.83,567917.3568523895,4458441.933563538,421.0,FSL,397.0,FEL
327,27,2,2,3,2,2,East-Down2,1301.33,0,16,28,4,2722322East-Down2,4301354074,G,0.83,567917.3568523895,4458441.933563538,421.0,FSL,397.0,FEL
328,27,2,2,3,2,2,North-Left2,1321.4275,89,45,42,4,2722322North-Left2,4301354074,G,0.83,567917.3568523895,4458441.933563538,421.0,FSL,397.0,FEL
329,27,2,2,3,2,2,North-Left1,1321.4275,89,45,42,4,2722322North-Left1,4301354074,G,0.83,567917.3568523895,4458441.933563538,421.0,FSL,397.0,FEL
330,27,2,2,3,2,2,North-Right1,1321.4275,89,45,42,4,2722322North-Right1,4301354074,G,0.83,567917.3568523895,4458441.933563538,421.0,FSL,397.0,FEL
331,27,2,2,3,2,2,North-Right2,1321.4275,89,45,42,4,2722322North-Right2,4301354074,G,0.83,567917.3568523895,4458441.933563538,421.0,FSL,397.0,FEL
332,27,2,2,3,2,2,South-Left2,1318.59,89,41,50,3,2722322South-Left2,4301354074,G,0.83,567917.3568523895,4458441.933563538,421.0,FSL,397.0,FEL
333,27,2,2,3,2,2,South-Left1,1318.59,89,41,50,3,2722322South-Left1,4301354074,G,0.83,567917.3568523895,4458441.933563538,421.0,FSL,397.0,FEL
334,27,2,2,3,2,2,South-Right1,1321.875,89,41,59,3,2722322South-Right1,4301354074,G,0.83,567917.3568523895,4458441.933563538,421.0,FSL,397.0,FEL
335,27,2,2,3,2,2,South-Right2,1321.875,89,41,59,3,2722322South-Right2,4301354074,G,0.83,567917.3568523895,4458441.933563538,421.0,FSL,397.0,FEL
336,20,2,2,3,2,2,West-Up2,1324.675,0,2,47,4,2022322West-Up2,4301353924,T,0.0,564518.1854003802,4460200.802330308,1025.0,FSL,929.0,FEL
337,20,2,2,3,2,2,West-Up1,1324.675,0,2,47,4,2022322West-Up1,4301353924,T,0.0,564518.1854003802,4460200.802330308,1025.0,FSL,929.0,FEL
338,20,2,2,3,2,2,West-Down1,1324.675,0,2,47,4,2022322West-Down1,4301353924,T,0.0,564518.1854003802,4460200.802330308,1025.0,FSL,929.0,FEL
339,20,2,2,3,2,2,West-Down2,1324.675,0,2,47,4,2022322West-Down2,4301353924,T,0.0,564518.1854003802,4460200.802330308,1025.0,FSL,929.0,FEL
340,20,2,2,3,2,2,East-Up2,1322.2125,0,17,38,2,2022322East-Up2,4301353924,T,0.0,564518.1854003802,4460200.802330308,1025.0,FSL,929.0,FEL
341,20,2,2,3,2,2,East-Up1,1322.2125,0,17,38,2,2022322East-Up1,4301353924,T,0.0,564518.1854003802,4460200.802330308,1025.0,FSL,929.0,FEL
342,20,2,2,3,2,2,East-Down1,1322.2125,0,17,38,2,2022322East-Down1,4301353924,T,0.0,564518.1854003802,4460200.802330308,1025.0,FSL,929.0,FEL
343,20,2,2,3,2,2,East-Down2,1322.2125,0,17,38,2,2022322East-Down2,4301353924,T,0.0,564518.1854003802,4460200.802330308,1025.0,FSL,929.0,FEL
344,20,2,2,3,2,2,North-Left2,1317.8525,89,54,37,4,2022322North-Left2,4301353924,T,0.0,564518.1854003802,4460200.802330308,1025.0,FSL,929.0,FEL
345,20,2,2,3,2,2,North-Left1,1317.8525,89,54,37,4,2022322North-Left1,4301353924,T,0.0,564518.1854003802,4460200.802330308,1025.0,FSL,929.0,FEL
346,20,2,2,3,2,2,North-Right1,1317.8525,89,54,37,4,2022322North-Right1,4301353924,T,0.0,564518.1854003802,4460200.802330308,1025.0,FSL,929.0,FEL
347,20,2,2,3,2,2,North-Right2,1317.8525,89,54,37,4,2022322North-Right2,4301353924,T,0.0,564518.1854003802,4460200.802330308,1025.0,FSL,929.0,FEL
348,20,2,2,3,2,2,South-Left2,1309.9975,89,58,54,3,2022322South-Left2,4301353924,T,0.0,564518.1854003802,4460200.802330308,1025.0,FSL,929.0,FEL
349,20,2,2,3,2,2,South-Left1,1309.9975,89,58,54,3,2022322South-Left1,4301353924,T,0.0,564518.1854003802,4460200.802330308,1025.0,FSL,929.0,FEL
350,20,2,2,3,2,2,South-Right1,1309.9975,89,58,54,3,2022322South-Right1,4301353924,T,0.0,564518.1854003802,4460200.802330308,1025.0,FSL,929.0,FEL
351,20,2,2,3,2,2,South-Right2,1309.9975,89,58,54,3,2022322South-Right2,4301353924,T,0.0,564518.1854003802,4460200.802330308,1025.0,FSL,929.0,FEL
352,35,2,2,1,2,2,West-Up2,1321.855,0,2,51,4,3522122West-Up2,4304756645,G,0.99,588247.3518508185,4457077.662017895,292.0,FSL,2357.0,FEL
353,35,2,2,1,2,2,West-Up1,1321.855,0,2,51,4,3522122West-Up1,4304756645,G,0.99,588247.3518508185,4457077.662017895,292.0,FSL,2357.0,FEL
354,35,2,2,1,2,2,West-Down1,1319.37,0,7,33,4,3522122West-Down1,4304756645,G,0.99,588247.3518508185,4457077.662017895,292.0,FSL,2357.0,FEL
355,35,2,2,1,2,2,West-Down2,1316.98,0,7,55,4,3522122West-Down2,4304756645,G,0.99,588247.3518508185,4457077.662017895,292.0,FSL,2357.0,FEL
356,35,2,2,1,2,2,East-Up2,1280.87,0,10,18,3,3522122East-Up2,4304756645,G,0.99,588247.3518508185,4457077.662017895,292.0,FSL,2357.0,FEL
357,35,2,2,1,2,2,East-Up1,1339.18,0,6,2,4,3522122East-Up1,4304756645,G,0.99,588247.3518508185,4457077.662017895,292.0,FSL,2357.0,FEL
358,35,2,2,1,2,2,East-Down1,1343.16,0,40,37,1,3522122East-Down1,4304756645,G,0.99,588247.3518508185,4457077.662017895,292.0,FSL,2357.0,FEL
359,35,2,2,1,2,2,East-Down2,1343.16,0,40,37,1,3522122East-Down2,4304756645,G,0.99,588247.3518508185,4457077.662017895,292.0,FSL,2357.0,FEL
360,35,2,2,1,2,2,North-Left2,1315.635,89,38,4,3,3522122North-Left2,4304756645,G,0.99,588247.3518508185,4457077.662017895,292.0,FSL,2357.0,FEL
361,35,2,2,1,2,2,North-Left1,1315.635,89,38,4,3,3522122North-Left1,4304756645,G,0.99,588247.3518508185,4457077.662017895,292.0,FSL,2357.0,FEL
362,35,2,2,1,2,2,North-Right1,1317.07,89,36,19,3,3522122North-Right1,4304756645,G,0.99,588247.3518508185,4457077.662017895,292.0,FSL,2357.0,FEL
363,35,2,2,1,2,2,North-Right2,1317.07,89,36,19,3,3522122North-Right2,4304756645,G,0.99,588247.3518508185,4457077.662017895,292.0,FSL,2357.0,FEL
364,35,2,2,1,2,2,South-Left2,1321.86,89,54,31,3,3522122South-Left2,4304756645,G,0.99,588247.3518508185,4457077.662017895,292.0,FSL,2357.0,FEL
365,35,2,2,1,2,2,South-Left1,1321.86,89,54,31,3,3522122South-Left1,4304756645,G,0.99,588247.3518508185,4457077.662017895,292.0,FSL,2357.0,FEL
366,35,2,2,1,2,2,South-Right1,1321.855,89,54,2,3,3522122South-Right1,4304756645,G,0.99,588247.3518508185,4457077.662017895,292.0,FSL,2357.0,FEL
367,35,2,2,1,2,2,South-Right2,1321.855,89,54,2,3,3522122South-Right2,4304756645,G,0.99,588247.3518508185,4457077.662017895,292.0,FSL,2357.0,FEL
368,26,2,2,4,2,2,West-Up2,0.0,0,0,0,0,2622422West-Up2,43013540890,T,0.0,558648.2150952774,4458737.724465497,2090.0,FSL,755.0,FWL
369,26,2,2,4,2,2,West-Up1,2649.97,0,55,27,4,2622422West-Up1,43013540890,T,0.0,558648.2150952774,4458737.724465497,2090.0,FSL,755.0,FWL
370,26,2,2,4,2,2,West-Down1,2644.16,0,4,32,3,2622422West-Down1,43013540890,T,0.0,558648.2150952774,4458737.724465497,2090.0,FSL,755.0,FWL
371,26,2,2,4,2,2,West-Down2,0.0,0,0,0,0,2622422West-Down2,43013540890,T,0.0,558648.2150952774,4458737.724465497,2090.0,FSL,755.0,FWL
372,26,2,2,4,2,2,East-Up2,0.0,0,0,0,0,2622422East-Up2,43013540890,T,0.0,558648.2150952774,4458737.724465497,2090.0,FSL,755.0,FWL
373,26,2,2,4,2,2,East-Up1,5283.77,0,15,24,4,2622422East-Up1,43013540890,T,0.0,558648.2150952774,4458737.724465497,2090.0,FSL,755.0,FWL
374,26,2,2,4,2,2,East-Down1,0.0,0,0,0,0,2622422East-Down1,43013540890,T,0.0,558648.2150952774,4458737.724465497,2090.0,FSL,755.0,FWL
375,26,2,2,4,2,2,East-Down2,0.0,0,0,0,0,2622422East-Down2,43013540890,T,0.0,558648.2150952774,4458737.724465497,2090.0,FSL,755.0,FWL
376,26,2,2,4,2,2,North-Left2,0.0,0,0,0,0,2622422North-Left2,43013540890,T,0.0,558648.2150952774,4458737.724465497,2090.0,FSL,755.0,FWL
377,26,2,2,4,2,2,North-Left1,5290.83,89,54,30,4,2622422North-Left1,43013540890,T,0.0,558648.2150952774,4458737.724465497,2090.0,FSL,755.0,FWL
378,26,2,2,4,2,2,North-Right1,0.0,0,0,0,0,2622422North-Right1,43013540890,T,0.0,558648.2150952774,4458737.724465497,2090.0,FSL,755.0,FWL
379,26,2,2,4,2,2,North-Right2,0.0,0,0,0,0,2622422North-Right2,43013540890,T,0.0,558648.2150952774,4458737.724465497,2090.0,FSL,755.0,FWL
380,26,2,2,4,2,2,South-Left2,0.0,0,0,0,0,2622422South-Left2,43013540890,T,0.0,558648.2150952774,4458737.724465497,2090.0,FSL,755.0,FWL
381,26,2,2,4,2,2,South-Left1,5275.24,89,58,57,2,2622422South-Left1,43013540890,T,0.0,558648.2150952774,4458737.724465497,2090.0,FSL,755.0,FWL
382,26,2,2,4,2,2,South-Right1,0.0,0,0,0,0,2622422South-Right1,43013540890,T,0.0,558648.2150952774,4458737.724465497,2090.0,FSL,755.0,FWL
383,26,2,2,4,2,2,South-Right2,0.0,0,0,0,0,2622422South-Right2,43013540890,T,0.0,558648.2150952774,4458737.724465497,2090.0,FSL,755.0,FWL
384,30,2,2,1,1,2,West-Up2,0.0,0,0,0,0,3022112West-Up2,43047560780,T,0.0,591914.5734474709,4459997.334511858,827.0,FNL,762.0,FEL
385,30,2,2,1,1,2,West-Up1,2642.78,0,0,49,4,3022112West-Up1,43047560780,T,0.0,591914.5734474709,4459997.334511858,827.0,FNL,762.0,FEL
386,30,2,2,1,1,2,West-Down1,2644.75,0,27,58,4,3022112West-Down1,43047560780,T,0.0,591914.5734474709,4459997.334511858,827.0,FNL,762.0,FEL
387,30,2,2,1,1,2,West-Down2,0.0,0,0,0,0,3022112West-Down2,43047560780,T,0.0,591914.5734474709,4459997.334511858,827.0,FNL,762.0,FEL
388,30,2,2,1,1,2,East-Up2,0.0,0,0,0,0,3022112East-Up2,43047560780,T,0.0,591914.5734474709,4459997.334511858,827.0,FNL,762.0,FEL
389,30,2,2,1,1,2,East-Up1,2640.87,0,41,11,2,3022112East-Up1,43047560780,T,0.0,591914.5734474709,4459997.334511858,827.0,FNL,762.0,FEL
390,30,2,2,1,1,2,East-Down1,2635.69,0,26,54,4,3022112East-Down1,43047560780,T,0.0,591914.5734474709,4459997.334511858,827.0,FNL,762.0,FEL
391,30,2,2,1,1,2,East-Down2,0.0,0,0,0,0,3022112East-Down2,43047560780,T,0.0,591914.5734474709,4459997.334511858,827.0,FNL,762.0,FEL
392,30,2,2,1,1,2,North-Left2,0.0,0,0,0,0,3022112North-Left2,43047560780,T,0.0,591914.5734474709,4459997.334511858,827.0,FNL,762.0,FEL
393,30,2,2,1,1,2,North-Left1,2668.13,89,12,4,4,3022112North-Left1,43047560780,T,0.0,591914.5734474709,4459997.334511858,827.0,FNL,762.0,FEL
394,30,2,2,1,1,2,North-Right1,1328.26,89,48,36,4,3022112North-Right1,43047560780,T,0.0,591914.5734474709,4459997.334511858,827.0,FNL,762.0,FEL
395,30,2,2,1,1,2,North-Right2,1328.27,89,48,36,4,3022112North-Right2,43047560780,T,0.0,591914.5734474709,4459997.334511858,827.0,FNL,762.0,FEL
396,30,2,2,1,1,2,South-Left2,0.0,0,0,0,0,3022112South-Left2,43047560780,T,0.0,591914.5734474709,4459997.334511858,827.0,FNL,762.0,FEL
397,30,2,2,1,1,2,South-Left1,2661.24,89,37,0,1,3022112South-Left1,43047560780,T,0.0,591914.5734474709,4459997.334511858,827.0,FNL,762.0,FEL
398,30,2,2,1,1,2,South-Right1,2630.1,89,38,21,1,3022112South-Right1,43047560780,T,0.0,591914.5734474709,4459997.334511858,827.0,FNL,762.0,FEL
399,30,2,2,1,1,2,South-Right2,0.0,0,0,0,0,3022112South-Right2,43047560780,T,0.0,591914.5734474709,4459997.334511858,827.0,FNL,762.0,FEL
400,25,3,2,1,2,2,West-Up2,0.0,0,0,0,0,2532122West-Up2,43047562760,G,1.0,590083.0018374699,4450526.034761806,31.0,FNL,1803.0,FEL
401,25,3,2,1,2,2,West-Up1,2641.35,0,6,37,3,2532122West-Up1,43047562760,G,1.0,590083.0018374699,4450526.034761806,31.0,FNL,1803.0,FEL
402,25,3,2,1,2,2,West-Down1,1317.72,0,9,20,4,2532122West-Down1,43047562760,G,1.0,590083.0018374699,4450526.034761806,31.0,FNL,1803.0,FEL
403,25,3,2,1,2,2,West-Down2,1317.72,0,8,20,4,2532122West-Down2,43047562760,G,1.0,590083.0018374699,4450526.034761806,31.0,FNL,1803.0,FEL
404,25,3,2,1,2,2,East-Up2,0.0,0,0,0,0,2532122East-Up2,43047562760,G,1.0,590083.0018374699,4450526.034761806,31.0,FNL,1803.0,FEL
405,25,3,2,1,2,2,East-Up1,2637.35,0,26,25,3,2532122East-Up1,43047562760,G,1.0,590083.0018374699,4450526.034761806,31.0,FNL,1803.0,FEL
406,25,3,2,1,2,2,East-Down1,2639.14,0,16,16,2,2532122East-Down1,43047562760,G,1.0,590083.0018374699,4450526.034761806,31.0,FNL,1803.0,FEL
407,25,3,2,1,2,2,East-Down2,0.0,0,0,0,0,2532122East-Down2,43047562760,G,1.0,590083.0018374699,4450526.034761806,31.0,FNL,1803.0,FEL
408,25,3,2,1,2,2,North-Left2,0.0,0,0,0,0,2532122North-Left2,43047562760,G,1.0,590083.0018374699,4450526.034761806,31.0,FNL,1803.0,FEL
409,25,3,2,1,2,2,North-Left1,2652.91,89,46,29,4,2532122North-Left1,43047562760,G,1.0,590083.0018374699,4450526.034761806,31.0,FNL,1803.0,FEL
410,25,3,2,1,2,2,North-Right1,2653.27,89,44,53,1,2532122North-Right1,43047562760,G,1.0,590083.0018374699,4450526.034761806,31.0,FNL,1803.0,FEL
411,25,3,2,1,2,2,North-Right2,0.0,0,0,0,0,2532122North-Right2,43047562760,G,1.0,590083.0018374699,4450526.034761806,31.0,FNL,1803.0,FEL
412,25,3,2,1,2,2,South-Left2,1317.46,89,45,51,4,2532122South-Left2,43047562760,G,1.0,590083.0018374699,4450526.034761806,31.0,FNL,1803.0,FEL
413,25,3,2,1,2,2,South-Left1,1317.46,89,45,51,4,2532122South-Left1,43047562760,G,1.0,590083.0018374699,4450526.034761806,31.0,FNL,1803.0,FEL
414,25,3,2,1,2,2,South-Right1,1317.46,89,45,51,4,2532122South-Right1,43047562760,G,1.0,590083.0018374699,4450526.034761806,31.0,FNL,1803.0,FEL
415,25,3,2,1,2,2,South-Right2,1317.46,89,45,51,4,2532122South-Right2,43047562760,G,1.0,590083.0018374699,4450526.034761806,31.0,FNL,1803.0,FEL
416,16,2,2,1,2,2,West-Up2,0.0,0,0,0,0,1622122West-Up2,43013539730,G,0.96,585366.0350463543,4463169.9489497235,701.0,FNL,939.0,FEL
417,16,2,2,1,2,2,West-Up1,2647.08,1,13,33,4,1622122West-Up1,43013539730,G,0.96,585366.0350463543,4463169.9489497235,701.0,FNL,939.0,FEL
418,16,2,2,1,2,2,West-Down1,1321.48,1,20,42,4,1622122West-Down1,43013539730,G,0.96,585366.0350463543,4463169.9489497235,701.0,FNL,939.0,FEL
419,16,2,2,1,2,2,West-Down2,1321.15,1,20,36,4,1622122West-Down2,43013539730,G,0.96,585366.0350463543,4463169.9489497235,701.0,FNL,939.0,FEL
420,16,2,2,1,2,2,East-Up2,0.0,0,0,0,0,1622122East-Up2,43013539730,G,0.96,585366.0350463543,4463169.9489497235,701.0,FNL,939.0,FEL
421,16,2,2,1,2,2,East-Up1,2639.99,1,13,44,4,1622122East-Up1,43013539730,G,0.96,585366.0350463543,4463169.9489497235,701.0,FNL,939.0,FEL
422,16,2,2,1,2,2,East-Down1,0.0,0,0,0,0,1622122East-Down1,43013539730,G,0.96,585366.0350463543,4463169.9489497235,701.0,FNL,939.0,FEL
423,16,2,2,1,2,2,East-Down2,2640.4,1,13,8,4,1622122East-Down2,43013539730,G,0.96,585366.0350463543,4463169.9489497235,701.0,FNL,939.0,FEL
424,16,2,2,1,2,2,North-Left2,1327.66,88,34,19,3,1622122North-Left2,43013539730,G,0.96,585366.0350463543,4463169.9489497235,701.0,FNL,939.0,FEL
425,16,2,2,1,2,2,North-Left1,1319.81,89,1,57,3,1622122North-Left1,43013539730,G,0.96,585366.0350463543,4463169.9489497235,701.0,FNL,939.0,FEL
426,16,2,2,1,2,2,North-Right1,1319.81,89,1,57,3,1622122North-Right1,43013539730,G,0.96,585366.0350463543,4463169.9489497235,701.0,FNL,939.0,FEL
427,16,2,2,1,2,2,North-Right2,1319.46,89,5,59,3,1622122North-Right2,43013539730,G,0.96,585366.0350463543,4463169.9489497235,701.0,FNL,939.0,FEL
428,16,2,2,1,2,2,South-Left2,0.0,0,0,0,0,1622122South-Left2,43013539730,G,0.96,585366.0350463543,4463169.9489497235,701.0,FNL,939.0,FEL
429,16,2,2,1,2,2,South-Left1,2640.26,88,51,0,3,1622122South-Left1,43013539730,G,0.96,585366.0350463543,4463169.9489497235,701.0,FNL,939.0,FEL
430,16,2,2,1,2,2,South-Right1,0.0,0,0,0,0,1622122South-Right1,43013539730,G,0.96,585366.0350463543,4463169.9489497235,701.0,FNL,939.0,FEL
431,16,2,2,1,2,2,South-Right2,2640.71,88,50,51,3,1622122South-Right2,43013539730,G,0.96,585366.0350463543,4463169.9489497235,701.0,FNL,939.0,FEL
432,8,3,2,1,1,2,West-Up2,0.0,0,0,0,0,832112West-Up2,43047567110,G,1.01,592242.4809478421,4453818.356926871,102.0,FSL,145.0,FWL
433,8,3,2,1,1,2,West-Up1,2639.84,0,55,42,4,832112West-Up1,43047567110,G,1.01,592242.4809478421,4453818.356926871,102.0,FSL,145.0,FWL
434,8,3,2,1,1,2,West-Down1,2636.29,0,59,43,4,832112West-Down1,43047567110,G,1.01,592242.4809478421,4453818.356926871,102.0,FSL,145.0,FWL
435,8,3,2,1,1,2,West-Down2,0.0,0,0,0,0,832112West-Down2,43047567110,G,1.01,592242.4809478421,4453818.356926871,102.0,FSL,145.0,FWL
436,8,3,2,1,1,2,East-Up2,0.0,0,0,0,0,832112East-Up2,43047567110,G,1.01,592242.4809478421,4453818.356926871,102.0,FSL,145.0,FWL
437,8,3,2,1,1,2,East-Up1,2637.35,1,3,24,1,832112East-Up1,43047567110,G,1.01,592242.4809478421,4453818.356926871,102.0,FSL,145.0,FWL
438,8,3,2,1,1,2,East-Down1,2642.28,1,3,8,1,832112East-Down1,43047567110,G,1.01,592242.4809478421,4453818.356926871,102.0,FSL,145.0,FWL
439,8,3,2,1,1,2,East-Down2,0.0,0,0,0,0,832112East-Down2,43047567110,G,1.01,592242.4809478421,4453818.356926871,102.0,FSL,145.0,FWL
440,8,3,2,1,1,2,North-Left2,0.0,0,0,0,0,832112North-Left2,43047567110,G,1.01,592242.4809478421,4453818.356926871,102.0,FSL,145.0,FWL
441,8,3,2,1,1,2,North-Left1,2629.68,89,8,16,2,832112North-Left1,43047567110,G,1.01,592242.4809478421,4453818.356926871,102.0,FSL,145.0,FWL
442,8,3,2,1,1,2,North-Right1,2629.91,89,8,9,2,832112North-Right1,43047567110,G,1.01,592242.4809478421,4453818.356926871,102.0,FSL,145.0,FWL
443,8,3,2,1,1,2,North-Right2,0.0,0,0,0,0,832112North-Right2,43047567110,G,1.01,592242.4809478421,4453818.356926871,102.0,FSL,145.0,FWL
444,8,3,2,1,1,2,South-Left2,0.0,0,0,0,0,832112South-Left2,43047567110,G,1.01,592242.4809478421,4453818.356926871,102.0,FSL,145.0,FWL
445,8,3,2,1,1,2,South-Left1,2629.45,89,10,57,2,832112South-Left1,43047567110,G,1.01,592242.4809478421,4453818.356926871,102.0,FSL,145.0,FWL
446,8,3,2,1,1,2,South-Right1,2638.69,89,10,0,2,832112South-Right1,43047567110,G,1.01,592242.4809478421,4453818.356926871,102.0,FSL,145.0,FWL
447,8,3,2,1,1,2,South-Right2,0.0,0,0,0,0,832112South-Right2,43047567110,G,1.01,592242.4809478421,4453818.356926871,102.0,FSL,145.0,FWL
448,29,2,2,3,2,2,West-Up2,1303.1425,0,12,50,4,2922322West-Up2,4301354086,G,0.81,564338.845178231,4458854.770806155,1913.0,FSL,1531.0,FEL
449,29,2,2,3,2,2,West-Up1,1303.1425,0,12,50,4,2922322West-Up1,4301354086,G,0.81,564338.845178231,4458854.770806155,1913.0,FSL,1531.0,FEL
450,29,2,2,3,2,2,West-Down1,1303.1425,0,12,50,4,2922322West-Down1,4301354086,G,0.81,564338.845178231,4458854.770806155,1913.0,FSL,1531.0,FEL
451,29,2,2,3,2,2,West-Down2,1303.1425,0,12,50,4,2922322West-Down2,4301354086,G,0.81,564338.845178231,4458854.770806155,1913.0,FSL,1531.0,FEL
452,29,2,2,3,2,2,East-Up2,1325.5725,0,5,57,3,2922322East-Up2,4301354086,G,0.81,564338.845178231,4458854.770806155,1913.0,FSL,1531.0,FEL
453,29,2,2,3,2,2,East-Up1,1325.5725,0,5,57,3,2922322East-Up1,4301354086,G,0.81,564338.845178231,4458854.770806155,1913.0,FSL,1531.0,FEL
454,29,2,2,3,2,2,East-Down1,1325.5725,0,5,57,3,2922322East-Down1,4301354086,G,0.81,564338.845178231,4458854.770806155,1913.0,FSL,1531.0,FEL
455,29,2,2,3,2,2,East-Down2,1325.5725,0,5,57,3,2922322East-Down2,4301354086,G,0.81,564338.845178231,4458854.770806155,1913.0,FSL,1531.0,FEL
456,29,2,2,3,2,2,North-Left2,1325.66,88,57,0,2,2922322North-Left2,4301354086,G,0.81,564338.845178231,4458854.770806155,1913.0,FSL,1531.0,FEL
457,29,2,2,3,2,2,North-Left1,1325.66666666666,88,57,0,2,2922322North-Left1,4301354086,G,0.81,564338.845178231,4458854.770806155,1913.0,FSL,1531.0,FEL
458,29,2,2,3,2,2,North-Right1,1325.66666666666,88,57,0,2,2922322North-Right1,4301354086,G,0.81,564338.845178231,4458854.770806155,1913.0,FSL,1531.0,FEL
459,29,2,2,3,2,2,North-Right2,1325.66666666666,88,57,0,2,2922322North-Right2,4301354086,G,0.81,564338.845178231,4458854.770806155,1913.0,FSL,1531.0,FEL
460,29,2,2,3,2,2,South-Left2,1318.2875,89,55,10,3,2922322South-Left2,4301354086,G,0.81,564338.845178231,4458854.770806155,1913.0,FSL,1531.0,FEL
461,29,2,2,3,2,2,South-Left1,1318.2875,89,55,10,3,2922322South-Left1,4301354086,G,0.81,564338.845178231,4458854.770806155,1913.0,FSL,1531.0,FEL
462,29,2,2,3,2,2,South-Right1,1318.2875,89,55,10,3,2922322South-Right1,4301354086,G,0.81,564338.845178231,4458854.770806155,1913.0,FSL,1531.0,FEL
463,29,2,2,3,2,2,South-Right2,1318.2875,89,55,10,3,2922322South-Right2,4301354086,G,0.81,564338.845178231,4458854.770806155,1913.0,FSL,1531.0,FEL
464,1,3,2,5,2,2,West-Up2,0.0,0,0,0,0,132522West-Up2,43013540960,T,0.0,551822.643116393,4455793.983668732,1953.0,FNL,395.0,FEL
465,1,3,2,5,2,2,West-Up1,2634.98,0,4,6,4,132522West-Up1,43013540960,T,0.0,551822.643116393,4455793.983668732,1953.0,FNL,395.0,FEL
466,1,3,2,5,2,2,West-Down1,2634.77,0,0,39,4,132522West-Down1,43013540960,T,0.0,551822.643116393,4455793.983668732,1953.0,FNL,395.0,FEL
467,1,3,2,5,2,2,West-Down2,0.0,0,0,0,0,132522West-Down2,43013540960,T,0.0,551822.643116393,4455793.983668732,1953.0,FNL,395.0,FEL
468,1,3,2,5,2,2,East-Up2,0.0,0,0,0,0,132522East-Up2,43013540960,T,0.0,551822.643116393,4455793.983668732,1953.0,FNL,395.0,FEL
469,1,3,2,5,2,2,East-Up1,2627.49,0,6,15,3,132522East-Up1,43013540960,T,0.0,551822.643116393,4455793.983668732,1953.0,FNL,395.0,FEL
470,1,3,2,5,2,2,East-Down1,2632.63,0,6,20,3,132522East-Down1,43013540960,T,0.0,551822.643116393,4455793.983668732,1953.0,FNL,395.0,FEL
471,1,3,2,5,2,2,East-Down2,0.0,0,0,0,0,132522East-Down2,43013540960,T,0.0,551822.643116393,4455793.983668732,1953.0,FNL,395.0,FEL
472,1,3,2,5,2,2,North-Left2,0.0,0,0,0,0,132522North-Left2,43013540960,T,0.0,551822.643116393,4455793.983668732,1953.0,FNL,395.0,FEL
473,1,3,2,5,2,2,North-Left1,2647.08,89,56,0,1,132522North-Left1,43013540960,T,0.0,551822.643116393,4455793.983668732,1953.0,FNL,395.0,FEL
474,1,3,2,5,2,2,North-Right1,2650.46,89,58,16,2,132522North-Right1,43013540960,T,0.0,551822.643116393,4455793.983668732,1953.0,FNL,395.0,FEL
475,1,3,2,5,2,2,North-Right2,0.0,0,0,0,0,132522North-Right2,43013540960,T,0.0,551822.643116393,4455793.983668732,1953.0,FNL,395.0,FEL
476,1,3,2,5,2,2,South-Left2,0.0,0,0,0,0,132522South-Left2,43013540960,T,0.0,551822.643116393,4455793.983668732,1953.0,FNL,395.0,FEL
477,1,3,2,5,2,2,South-Left1,3963.89,89,54,49,3,132522South-Left1,43013540960,T,0.0,551822.643116393,4455793.983668732,1953.0,FNL,395.0,FEL
478,1,3,2,5,2,2,South-Right1,1321.4,89,54,58,2,132522South-Right1,43013540960,T,0.0,551822.643116393,4455793.983668732,1953.0,FNL,395.0,FEL
479,1,3,2,5,2,2,South-Right2,0.0,0,0,0,0,132522South-Right2,43013540960,T,0.0,551822.643116393,4455793.983668732,1953.0,FNL,395.0,FEL
480,16,7,2,20,1,1,West-Up2,1314.41,1,48,48,4,16722011West-Up2,4304756440,G,1.17,613462.1106509741,4452662.704543554,448.0,FNL,411.0,FEL
481,16,7,2,20,1,1,West-Up1,1314.41,1,48,48,4,16722011West-Up1,4304756440,G,1.17,613462.1106509741,4452662.704543554,448.0,FNL,411.0,FEL
482,16,7,2,20,1,1,West-Down1,1332.57,1,30,29,4,16722011West-Down1,4304756440,G,1.17,613462.1106509741,4452662.704543554,448.0,FNL,411.0,FEL
483,16,7,2,20,1,1,West-Down2,1286.38,1,41,46,4,16722011West-Down2,4304756440,G,1.17,613462.1106509741,4452662.704543554,448.0,FNL,411.0,FEL
484,16,7,2,20,1,1,East-Up2,1278.835,1,45,15,4,16722011East-Up2,4304756440,G,1.17,613462.1106509741,4452662.704543554,448.0,FNL,411.0,FEL
485,16,7,2,20,1,1,East-Up1,1278.835,1,45,15,4,16722011East-Up1,4304756440,G,1.17,613462.1106509741,4452662.704543554,448.0,FNL,411.0,FEL
486,16,7,2,20,1,1,East-Down1,1315.055,1,54,58,4,16722011East-Down1,4304756440,G,1.17,613462.1106509741,4452662.704543554,448.0,FNL,411.0,FEL
487,16,7,2,20,1,1,East-Down2,1315.055,1,54,58,4,16722011East-Down2,4304756440,G,1.17,613462.1106509741,4452662.704543554,448.0,FNL,411.0,FEL
488,16,7,2,20,1,1,North-Left2,1331.82,88,19,28,3,16722011North-Left2,4304756440,G,1.17,613462.1106509741,4452662.704543554,448.0,FNL,411.0,FEL
489,16,7,2,20,1,1,North-Left1,1331.82,88,19,28,3,16722011North-Left1,4304756440,G,1.17,613462.1106509741,4452662.704543554,448.0,FNL,411.0,FEL
490,16,7,2,20,1,1,North-Right1,1330.125,89,4,56,3,16722011North-Right1,4304756440,G,1.17,613462.1106509741,4452662.704543554,448.0,FNL,411.0,FEL
491,16,7,2,20,1,1,North-Right2,1330.125,89,4,56,3,16722011North-Right2,4304756440,G,1.17,613462.1106509741,4452662.704543554,448.0,FNL,411.0,FEL
492,16,7,2,20,1,1,South-Left2,1334.505,88,4,28,3,16722011South-Left2,4304756440,G,1.17,613462.1106509741,4452662.704543554,448.0,FNL,411.0,FEL
493,16,7,2,20,1,1,South-Left1,1334.505,88,4,28,3,16722011South-Left1,4304756440,G,1.17,613462.1106509741,4452662.704543554,448.0,FNL,411.0,FEL
494,16,7,2,20,1,1,South-Right1,1333.185,88,2,28,3,16722011South-Right1,4304756440,G,1.17,613462.1106509741,4452662.704543554,448.0,FNL,411.0,FEL
495,16,7,2,20,1,1,South-Right2,1333.185,88,2,28,3,16722011South-Right2,4304756440,G,1.17,613462.1106509741,4452662.704543554,448.0,FNL,411.0,FEL
496,9,3,2,2,2,2,West-Up2,1318.065,0,2,45,3,932222West-Up2,43047559740,G,0.89,575738.3232082631,4453703.936986459,329.0,FSL,1251.0,FEL
497,9,3,2,2,2,2,West-Up1,1318.065,0,2,45,3,932222West-Up1,43047559740,G,0.89,575738.3232082631,4453703.936986459,329.0,FSL,1251.0,FEL
498,9,3,2,2,2,2,West-Down1,1318.065,0,2,45,3,932222West-Down1,43047559740,G,0.89,575738.3232082631,4453703.936986459,329.0,FSL,1251.0,FEL
499,9,3,2,2,2,2,West-Down2,1318.065,0,2,45,3,932222West-Down2,43047559740,G,0.89,575738.3232082631,4453703.936986459,329.0,FSL,1251.0,FEL
500,9,3,2,2,2,2,East-Up2,1312.27666666666,0,0,39,2,932222East-Up2,43047559740,G,0.89,575738.3232082631,4453703.936986459,329.0,FSL,1251.0,FEL
501,9,3,2,2,2,2,East-Up1,1312.27666666666,0,0,39,2,932222East-Up1,43047559740,G,0.89,575738.3232082631,4453703.936986459,329.0,FSL,1251.0,FEL
502,9,3,2,2,2,2,East-Down1,1312.27666666666,0,0,39,2,932222East-Down1,43047559740,G,0.89,575738.3232082631,4453703.936986459,329.0,FSL,1251.0,FEL
503,9,3,2,2,2,2,East-Down2,1319.91,0,5,19,3,932222East-Down2,43047559740,G,0.89,575738.3232082631,4453703.936986459,329.0,FSL,1251.0,FEL
504,9,3,2,2,2,2,North-Left2,1323.18,88,50,14,2,932222North-Left2,43047559740,G,0.89,575738.3232082631,4453703.936986459,329.0,FSL,1251.0,FEL
505,9,3,2,2,2,2,North-Left1,1323.18,88,50,14,2,932222North-Left1,43047559740,G,0.89,575738.3232082631,4453703.936986459,329.0,FSL,1251.0,FEL
506,9,3,2,2,2,2,North-Right1,1323.18,88,50,14,2,932222North-Right1,43047559740,G,0.89,575738.3232082631,4453703.936986459,329.0,FSL,1251.0,FEL
507,9,3,2,2,2,2,North-Right2,1323.18,88,50,14,2,932222North-Right2,43047559740,G,0.89,575738.3232082631,4453703.936986459,329.0,FSL,1251.0,FEL
508,9,3,2,2,2,2,South-Left2,1323.635,88,39,21,2,932222South-Left2,43047559740,G,0.89,575738.3232082631,4453703.936986459,329.0,FSL,1251.0,FEL
509,9,3,2,2,2,2,South-Left1,1323.635,88,39,21,2,932222South-Left1,43047559740,G,0.89,575738.3232082631,4453703.936986459,329.0,FSL,1251.0,FEL
510,9,3,2,2,2,2,South-Right1,1323.635,88,39,21,2,932222South-Right1,43047559740,G,0.89,575738.3232082631,4453703.936986459,329.0,FSL,1251.0,FEL
511,9,3,2,2,2,2,South-Right2,1323.635,88,39,21,2,932222South-Right2,43047559740,G,0.89,575738.3232082631,4453703.936986459,329.0,FSL,1251.0,FEL
512,18,3,2,1,2,2,West-Up2,0.0,0,0,0,0,1832122West-Up2,43013534320,T,0.0,582462.9220929542,4453642.454977041,234.0,FNL,319.0,FEL
513,18,3,2,1,2,2,West-Up1,2647.87,0,5,35,4,1832122West-Up1,43013534320,T,0.0,582462.9220929542,4453642.454977041,234.0,FNL,319.0,FEL
514,18,3,2,1,2,2,West-Down1,1323.3,0,12,52,4,1832122West-Down1,43013534320,T,0.0,582462.9220929542,4453642.454977041,234.0,FNL,319.0,FEL
515,18,3,2,1,2,2,West-Down2,1322.43,0,6,51,4,1832122West-Down2,43013534320,T,0.0,582462.9220929542,4453642.454977041,234.0,FNL,319.0,FEL
516,18,3,2,1,2,2,East-Up2,0.0,0,0,0,0,1832122East-Up2,43013534320,T,0.0,582462.9220929542,4453642.454977041,234.0,FNL,319.0,FEL
517,18,3,2,1,2,2,East-Up1,2661.1,0,15,53,4,1832122East-Up1,43013534320,T,0.0,582462.9220929542,4453642.454977041,234.0,FNL,319.0,FEL
518,18,3,2,1,2,2,East-Down1,1338.03,0,0,58,4,1832122East-Down1,43013534320,T,0.0,582462.9220929542,4453642.454977041,234.0,FNL,319.0,FEL
519,18,3,2,1,2,2,East-Down2,1325.03,0,0,8,2,1832122East-Down2,43013534320,T,0.0,582462.9220929542,4453642.454977041,234.0,FNL,319.0,FEL
520,18,3,2,1,2,2,North-Left2,0.0,0,0,0,0,1832122North-Left2,43013534320,T,0.0,582462.9220929542,4453642.454977041,234.0,FNL,319.0,FEL
521,18,3,2,1,2,2,North-Left1,2616.75,88,32,58,2,1832122North-Left1,43013534320,T,0.0,582462.9220929542,4453642.454977041,234.0,FNL,319.0,FEL
522,18,3,2,1,2,2,North-Right1,2653.16,89,46,55,2,1832122North-Right1,43013534320,T,0.0,582462.9220929542,4453642.454977041,234.0,FNL,319.0,FEL
523,18,3,2,1,2,2,North-Right2,0.0,0,0,0,0,1832122North-Right2,43013534320,T,0.0,582462.9220929542,4453642.454977041,234.0,FNL,319.0,FEL
524,18,3,2,1,2,2,South-Left2,0.0,0,0,0,0,1832122South-Left2,43013534320,T,0.0,582462.9220929542,4453642.454977041,234.0,FNL,319.0,FEL
525,18,3,2,1,2,2,South-Left1,5269.99,89,30,8,2,1832122South-Left1,43013534320,T,0.0,582462.9220929542,4453642.454977041,234.0,FNL,319.0,FEL
526,18,3,2,1,2,2,South-Right1,0.0,0,0,0,0,1832122South-Right1,43013534320,T,0.0,582462.9220929542,4453642.454977041,234.0,FNL,319.0,FEL
527,18,3,2,1,2,2,South-Right2,0.0,0,0,0,0,1832122South-Right2,43013534320,T,0.0,582462.9220929542,4453642.454977041,234.0,FNL,319.0,FEL
528,21,3,2,1,2,2,West-Up2,1320.43,0,9,1,4,2132122West-Up2,43013539510,T,0.0,584516.0043099904,4450665.960107964,499.0,FSL,1007.0,FWL
529,21,3,2,1,2,2,West-Up1,1320.43,0,9,1,4,2132122West-Up1,43013539510,T,0.0,584516.0043099904,4450665.960107964,499.0,FSL,1007.0,FWL
530,21,3,2,1,2,2,West-Down1,1313.37,0,9,13,4,2132122West-Down1,43013539510,T,0.0,584516.0043099904,4450665.960107964,499.0,FSL,1007.0,FWL
531,21,3,2,1,2,2,West-Down2,1321.48,0,0,13,4,2132122West-Down2,43013539510,T,0.0,584516.0043099904,4450665.960107964,499.0,FSL,1007.0,FWL
532,21,3,2,1,2,2,East-Up2,0.0,0,0,0,0,2132122East-Up2,43013539510,T,0.0,584516.0043099904,4450665.960107964,499.0,FSL,1007.0,FWL
533,21,3,2,1,2,2,East-Up1,2637.78,0,14,57,2,2132122East-Up1,43013539510,T,0.0,584516.0043099904,4450665.960107964,499.0,FSL,1007.0,FWL
534,21,3,2,1,2,2,East-Down1,2672.07,0,14,57,2,2132122East-Down1,43013539510,T,0.0,584516.0043099904,4450665.960107964,499.0,FSL,1007.0,FWL
535,21,3,2,1,2,2,East-Down2,0.0,0,0,0,0,2132122East-Down2,43013539510,T,0.0,584516.0043099904,4450665.960107964,499.0,FSL,1007.0,FWL
536,21,3,2,1,2,2,North-Left2,1325.58,89,53,20,3,2132122North-Left2,43013539510,T,0.0,584516.0043099904,4450665.960107964,499.0,FSL,1007.0,FWL
537,21,3,2,1,2,2,North-Left1,1318.12,89,56,56,3,2132122North-Left1,43013539510,T,0.0,584516.0043099904,4450665.960107964,499.0,FSL,1007.0,FWL
538,21,3,2,1,2,2,North-Right1,2641.17,89,55,18,1,2132122North-Right1,43013539510,T,0.0,584516.0043099904,4450665.960107964,499.0,FSL,1007.0,FWL
539,21,3,2,1,2,2,North-Right2,0.0,0,0,0,0,2132122North-Right2,43013539510,T,0.0,584516.0043099904,4450665.960107964,499.0,FSL,1007.0,FWL
540,21,3,2,1,2,2,South-Left2,0.0,0,0,0,0,2132122South-Left2,43013539510,T,0.0,584516.0043099904,4450665.960107964,499.0,FSL,1007.0,FWL
541,21,3,2,1,2,2,South-Left1,2608.11,89,40,35,1,2132122South-Left1,43013539510,T,0.0,584516.0043099904,4450665.960107964,499.0,FSL,1007.0,FWL
542,21,3,2,1,2,2,South-Right1,2643.25,89,34,58,1,2132122South-Right1,43013539510,T,0.0,584516.0043099904,4450665.960107964,499.0,FSL,1007.0,FWL
543,21,3,2,1,2,2,South-Right2,0.0,0,0,0,0,2132122South-Right2,43013539510,T,0.0,584516.0043099904,4450665.960107964,499.0,FSL,1007.0,FWL
544,16,26,2,20,1,1,West-Up2,0.0,0,0,0,0,162622011West-Up2,43019500950,T,0.0,611160.0477636374,4267400.124891089,197.0,FNL,860.0,FWL
545,16,26,2,20,1,1,West-Up1,2700.49,0,33,15,2,162622011West-Up1,43019500950,T,0.0,611160.0477636374,4267400.124891089,197.0,FNL,860.0,FWL
546,16,26,2,20,1,1,West-Down1,2610.39,0,13,23,4,162622011West-Down1,43019500950,T,0.0,611160.0477636374,4267400.124891089,197.0,FNL,860.0,FWL
547,16,26,2,20,1,1,West-Down2,0.0,0,0,0,0,162622011West-Down2,43019500950,T,0.0,611160.0477636374,4267400.124891089,197.0,FNL,860.0,FWL
548,16,26,2,20,1,1,East-Up2,0.0,0,0,0,0,162622011East-Up2,43019500950,T,0.0,611160.0477636374,4267400.124891089,197.0,FNL,860.0,FWL
549,16,26,2,20,1,1,East-Up1,2668.51,0,7,36,2,162622011East-Up1,43019500950,T,0.0,611160.0477636374,4267400.124891089,197.0,FNL,860.0,FWL
550,16,26,2,20,1,1,East-Down1,2659.03,0,4,21,2,162622011East-Down1,43019500950,T,0.0,611160.0477636374,4267400.124891089,197.0,FNL,860.0,FWL
551,16,26,2,20,1,1,East-Down2,0.0,0,0,0,0,162622011East-Down2,43019500950,T,0.0,611160.0477636374,4267400.124891089,197.0,FNL,860.0,FWL
552,16,26,2,20,1,1,North-Left2,0.0,0,0,0,0,162622011North-Left2,43019500950,T,0.0,611160.0477636374,4267400.124891089,197.0,FNL,860.0,FWL
553,16,26,2,20,1,1,North-Left1,2634.86,89,51,57,2,162622011North-Left1,43019500950,T,0.0,611160.0477636374,4267400.124891089,197.0,FNL,860.0,FWL
554,16,26,2,20,1,1,North-Right1,2647.79,89,51,43,2,162622011North-Right1,43019500950,T,0.0,611160.0477636374,4267400.124891089,197.0,FNL,860.0,FWL
555,16,26,2,20,1,1,North-Right2,0.0,0,0,0,0,162622011North-Right2,43019500950,T,0.0,611160.0477636374,4267400.124891089,197.0,FNL,860.0,FWL
556,16,26,2,20,1,1,South-Left2,0.0,0,0,0,0,162622011South-Left2,43019500950,T,0.0,611160.0477636374,4267400.124891089,197.0,FNL,860.0,FWL
557,16,26,2,20,1,1,South-Left1,2654.57,89,55,23,4,162622011South-Left1,43019500950,T,0.0,611160.0477636374,4267400.124891089,197.0,FNL,860.0,FWL
558,16,26,2,20,1,1,South-Right1,2634.77,89,59,7,4,162622011South-Right1,43019500950,T,0.0,611160.0477636374,4267400.124891089,197.0,FNL,860.0,FWL
559,16,26,2,20,1,1,South-Right2,0.0,0,0,0,0,162622011South-Right2,43019500950,T,0.0,611160.0477636374,4267400.124891089,197.0,FNL,860.0,FWL
560,7,4,2,3,2,2,West-Up2,1314.915,0,30,13,4,742322West-Up2,4301354180,T,0.0,561748.2064868335,4443897.724824431,256.0,FSL,361.0,FWL
561,7,4,2,3,2,2,West-Up1,1314.915,0,30,13,4,742322West-Up1,4301354180,T,0.0,561748.2064868335,4443897.724824431,256.0,FSL,361.0,FWL
562,7,4,2,3,2,2,West-Down1,1321.23,0,51,6,1,742322West-Down1,4301354180,T,0.0,561748.2064868335,4443897.724824431,256.0,FSL,361.0,FWL
563,7,4,2,3,2,2,West-Down2,1321.23,0,51,6,1,742322West-Down2,4301354180,T,0.0,561748.2064868335,4443897.724824431,256.0,FSL,361.0,FWL
564,7,4,2,3,2,2,East-Up2,1321.1475,1,27,57,4,742322East-Up2,4301354180,T,0.0,561748.2064868335,4443897.724824431,256.0,FSL,361.0,FWL
565,7,4,2,3,2,2,East-Up1,1321.1475,1,27,57,4,742322East-Up1,4301354180,T,0.0,561748.2064868335,4443897.724824431,256.0,FSL,361.0,FWL
566,7,4,2,3,2,2,East-Down1,1321.1475,1,27,57,4,742322East-Down1,4301354180,T,0.0,561748.2064868335,4443897.724824431,256.0,FSL,361.0,FWL
567,7,4,2,3,2,2,East-Down2,1321.1475,1,27,57,4,742322East-Down2,4301354180,T,0.0,561748.2064868335,4443897.724824431,256.0,FSL,361.0,FWL
568,7,4,2,3,2,2,North-Left2,1506.105,89,35,17,1,742322North-Left2,4301354180,T,0.0,561748.2064868335,4443897.724824431,256.0,FSL,361.0,FWL
569,7,4,2,3,2,2,North-Left1,1506.105,89,35,17,1,742322North-Left1,4301354180,T,0.0,561748.2064868335,4443897.724824431,256.0,FSL,361.0,FWL
570,7,4,2,3,2,2,North-Right1,1317.035,89,38,46,2,742322North-Right1,4301354180,T,0.0,561748.2064868335,4443897.724824431,256.0,FSL,361.0,FWL
571,7,4,2,3,2,2,North-Right2,1317.035,89,38,46,2,742322North-Right2,4301354180,T,0.0,561748.2064868335,4443897.724824431,256.0,FSL,361.0,FWL
572,7,4,2,3,2,2,South-Left2,1525.235,89,3,19,1,742322South-Left2,4301354180,T,0.0,561748.2064868335,4443897.724824431,256.0,FSL,361.0,FWL
573,7,4,2,3,2,2,South-Left1,1525.235,89,3,19,1,742322South-Left1,4301354180,T,0.0,561748.2064868335,4443897.724824431,256.0,FSL,361.0,FWL
574,7,4,2,3,2,2,South-Right1,1334.55,89,16,17,2,742322South-Right1,4301354180,T,0.0,561748.2064868335,4443897.724824431,256.0,FSL,361.0,FWL
575,7,4,2,3,2,2,South-Right2,1334.55,89,16,17,2,742322South-Right2,4301354180,T,0.0,561748.2064868335,4443897.724824431,256.0,FSL,361.0,FWL
576,20,2,2,1,1,2,West-Up2,1320.33,0,7,57,4,2022112West-Up2,43047560290,G,1.02,592335.0198026928,4460313.876553055,199.0,FSL,679.0,FWL
577,20,2,2,1,1,2,West-Up1,1323.18,0,0,30,4,2022112West-Up1,43047560290,G,1.02,592335.0198026928,4460313.876553055,199.0,FSL,679.0,FWL
578,20,2,2,1,1,2,West-Down1,1321.99,0,15,45,4,2022112West-Down1,43047560290,G,1.02,592335.0198026928,4460313.876553055,199.0,FSL,679.0,FWL
579,20,2,2,1,1,2,West-Down2,1317.33,0,15,20,4,2022112West-Down2,43047560290,G,1.02,592335.0198026928,4460313.876553055,199.0,FSL,679.0,FWL
580,20,2,2,1,1,2,East-Up2,1314.94,0,8,46,2,2022112East-Up2,43047560290,G,1.02,592335.0198026928,4460313.876553055,199.0,FSL,679.0,FWL
581,20,2,2,1,1,2,East-Up1,1322.3,0,8,46,2,2022112East-Up1,43047560290,G,1.02,592335.0198026928,4460313.876553055,199.0,FSL,679.0,FWL
582,20,2,2,1,1,2,East-Down1,2608.05,0,22,14,2,2022112East-Down1,43047560290,G,1.02,592335.0198026928,4460313.876553055,199.0,FSL,679.0,FWL
583,20,2,2,1,1,2,East-Down2,0.0,0,0,0,0,2022112East-Down2,43047560290,G,1.02,592335.0198026928,4460313.876553055,199.0,FSL,679.0,FWL
584,20,2,2,1,1,2,North-Left2,0.0,0,0,0,0,2022112North-Left2,43047560290,G,1.02,592335.0198026928,4460313.876553055,199.0,FSL,679.0,FWL
585,20,2,2,1,1,2,North-Left1,2642.82,89,17,58,4,2022112North-Left1,43047560290,G,1.02,592335.0198026928,4460313.876553055,199.0,FSL,679.0,FWL
586,20,2,2,1,1,2,North-Right1,1309.5,89,17,58,4,2022112North-Right1,43047560290,G,1.02,592335.0198026928,4460313.876553055,199.0,FSL,679.0,FWL
587,20,2,2,1,1,2,North-Right2,1338.43,89,17,58,4,2022112North-Right2,43047560290,G,1.02,592335.0198026928,4460313.876553055,199.0,FSL,679.0,FWL
588,20,2,2,1,1,2,South-Left2,0.0,0,0,0,0,2022112South-Left2,43047560290,G,1.02,592335.0198026928,4460313.876553055,199.0,FSL,679.0,FWL
589,20,2,2,1,1,2,South-Left1,2611.28,89,45,31,4,2022112South-Left1,43047560290,G,1.02,592335.0198026928,4460313.876553055,199.0,FSL,679.0,FWL
590,20,2,2,1,1,2,South-Right1,2640.38,89,39,1,4,2022112South-Right1,43047560290,G,1.02,592335.0198026928,4460313.876553055,199.0,FSL,679.0,FWL
591,20,2,2,1,1,2,South-Right2,0.0,0,0,0,0,2022112South-Right2,43047560290,G,1.02,592335.0198026928,4460313.876553055,199.0,FSL,679.0,FWL
592,31,3,2,2,1,2,West-Up2,1341.12,0,52,41,3,3132212West-Up2,4304756485,T,1.08,600532.876288568,4448474.497043365,1944.0,FNL,695.0,FWL
593,31,3,2,2,1,2,West-Up1,1322.88,0,4,37,4,3132212West-Up1,4304756485,T,1.08,600532.876288568,4448474.497043365,1944.0,FNL,695.0,FWL
594,31,3,2,2,1,2,West-Down1,1325.2,0,14,58,1,3132212West-Down1,4304756485,T,1.08,600532.876288568,4448474.497043365,1944.0,FNL,695.0,FWL
595,31,3,2,2,1,2,West-Down2,1320.05,0,11,36,3,3132212West-Down2,4304756485,T,1.08,600532.876288568,4448474.497043365,1944.0,FNL,695.0,FWL
596,31,3,2,2,1,2,East-Up2,1322.94,0,8,20,3,3132212East-Up2,4304756485,T,1.08,600532.876288568,4448474.497043365,1944.0,FNL,695.0,FWL
597,31,3,2,2,1,2,East-Up1,1322.58,0,25,14,3,3132212East-Up1,4304756485,T,1.08,600532.876288568,4448474.497043365,1944.0,FNL,695.0,FWL
598,31,3,2,2,1,2,East-Down1,1321.37,0,6,7,3,3132212East-Down1,4304756485,T,1.08,600532.876288568,4448474.497043365,1944.0,FNL,695.0,FWL
599,31,3,2,2,1,2,East-Down2,1323.47,0,7,14,1,3132212East-Down2,4304756485,T,1.08,600532.876288568,4448474.497043365,1944.0,FNL,695.0,FWL
600,31,3,2,2,1,2,North-Left2,1347.56,89,1,1,1,3132212North-Left2,4304756485,T,1.08,600532.876288568,4448474.497043365,1944.0,FNL,695.0,FWL
601,31,3,2,2,1,2,North-Left1,1317.26,89,1,1,1,3132212North-Left1,4304756485,T,1.08,600532.876288568,4448474.497043365,1944.0,FNL,695.0,FWL
602,31,3,2,2,1,2,North-Right1,1317.26,89,1,1,1,3132212North-Right1,4304756485,T,1.08,600532.876288568,4448474.497043365,1944.0,FNL,695.0,FWL
603,31,3,2,2,1,2,North-Right2,1324.49,89,41,33,4,3132212North-Right2,4304756485,T,1.08,600532.876288568,4448474.497043365,1944.0,FNL,695.0,FWL
604,31,3,2,2,1,2,South-Left2,1336.58,89,23,20,1,3132212South-Left2,4304756485,T,1.08,600532.876288568,4448474.497043365,1944.0,FNL,695.0,FWL
605,31,3,2,2,1,2,South-Left1,1322.66,89,18,8,1,3132212South-Left1,4304756485,T,1.08,600532.876288568,4448474.497043365,1944.0,FNL,695.0,FWL
606,31,3,2,2,1,2,South-Right1,1323.64,89,27,57,1,3132212South-Right1,4304756485,T,1.08,600532.876288568,4448474.497043365,1944.0,FNL,695.0,FWL
607,31,3,2,2,1,2,South-Right2,1328.48,89,24,5,1,3132212South-Right2,4304756485,T,1.08,600532.876288568,4448474.497043365,1944.0,FNL,695.0,FWL
608,5,3,2,1,1,2,West-Up2,1423.26,1,2,30,1,532112West-Up2,43047560090,T,0.0,592467.0327655085,4456857.474342507,595.0,FNL,1006.0,FWL
609,5,3,2,1,1,2,West-Up1,1321.14,1,6,41,1,532112West-Up1,43047560090,T,0.0,592467.0327655085,4456857.474342507,595.0,FNL,1006.0,FWL
610,5,3,2,1,1,2,West-Down1,1321.14,1,6,41,4,532112West-Down1,43047560090,T,0.0,592467.0327655085,4456857.474342507,595.0,FNL,1006.0,FWL
611,5,3,2,1,1,2,West-Down2,1321.14,1,6,41,4,532112West-Down2,43047560090,T,0.0,592467.0327655085,4456857.474342507,595.0,FNL,1006.0,FWL
612,5,3,2,1,1,2,East-Up2,1362.155,1,20,55,1,532112East-Up2,43047560090,T,0.0,592467.0327655085,4456857.474342507,595.0,FNL,1006.0,FWL
613,5,3,2,1,1,2,East-Up1,1362.155,1,20,55,1,532112East-Up1,43047560090,T,0.0,592467.0327655085,4456857.474342507,595.0,FNL,1006.0,FWL
614,5,3,2,1,1,2,East-Down1,1324.835,0,31,4,4,532112East-Down1,43047560090,T,0.0,592467.0327655085,4456857.474342507,595.0,FNL,1006.0,FWL
615,5,3,2,1,1,2,East-Down2,1324.835,0,31,4,4,532112East-Down2,43047560090,T,0.0,592467.0327655085,4456857.474342507,595.0,FNL,1006.0,FWL
616,5,3,2,1,1,2,North-Left2,1318.29,89,13,24,2,532112North-Left2,43047560090,T,0.0,592467.0327655085,4456857.474342507,595.0,FNL,1006.0,FWL
617,5,3,2,1,1,2,North-Left1,1318.89,89,13,0,2,532112North-Left1,43047560090,T,0.0,592467.0327655085,4456857.474342507,595.0,FNL,1006.0,FWL
618,5,3,2,1,1,2,North-Right1,1318.475,89,20,27,2,532112North-Right1,43047560090,T,0.0,592467.0327655085,4456857.474342507,595.0,FNL,1006.0,FWL
619,5,3,2,1,1,2,North-Right2,1318.475,89,20,27,2,532112North-Right2,43047560090,T,0.0,592467.0327655085,4456857.474342507,595.0,FNL,1006.0,FWL
620,5,3,2,1,1,2,South-Left2,1314.84,89,8,16,2,532112South-Left2,43047560090,T,0.0,592467.0327655085,4456857.474342507,595.0,FNL,1006.0,FWL
621,5,3,2,1,1,2,South-Left1,1314.84,89,8,16,2,532112South-Left1,43047560090,T,0.0,592467.0327655085,4456857.474342507,595.0,FNL,1006.0,FWL
622,5,3,2,1,1,2,South-Right1,1314.955,89,8,9,2,532112South-Right1,43047560090,T,0.0,592467.0327655085,4456857.474342507,595.0,FNL,1006.0,FWL
623,5,3,2,1,1,2,South-Right2,1314.955,89,8,9,2,532112South-Right2,43047560090,T,0.0,592467.0327655085,4456857.474342507,595.0,FNL,1006.0,FWL
624,25,4,2,4,2,2,West-Up2,1325.38,1,12,16,3,2542422West-Up2,4301353922,G,0.78,561514.9965075918,4440483.8617528975,358.0,FNL,500.0,FEL
625,25,4,2,4,2,2,West-Up1,1325.38,1,12,16,3,2542422West-Up1,4301353922,G,0.78,561514.9965075918,4440483.8617528975,358.0,FNL,500.0,FEL
626,25,4,2,4,2,2,West-Down1,1325.38,1,12,16,3,2542422West-Down1,4301353922,G,0.78,561514.9965075918,4440483.8617528975,358.0,FNL,500.0,FEL
627,25,4,2,4,2,2,West-Down2,1325.38,1,12,16,3,2542422West-Down2,4301353922,G,0.78,561514.9965075918,4440483.8617528975,358.0,FNL,500.0,FEL
628,25,4,2,4,2,2,East-Up2,1323.47,0,13,26,2,2542422East-Up2,4301353922,G,0.78,561514.9965075918,4440483.8617528975,358.0,FNL,500.0,FEL
629,25,4,2,4,2,2,East-Up1,1323.47,0,13,26,2,2542422East-Up1,4301353922,G,0.78,561514.9965075918,4440483.8617528975,358.0,FNL,500.0,FEL
630,25,4,2,4,2,2,East-Down1,1323.47,0,13,26,2,2542422East-Down1,4301353922,G,0.78,561514.9965075918,4440483.8617528975,358.0,FNL,500.0,FEL
631,25,4,2,4,2,2,East-Down2,1323.47,0,13,26,2,2542422East-Down2,4301353922,G,0.78,561514.9965075918,4440483.8617528975,358.0,FNL,500.0,FEL
632,25,4,2,4,2,2,North-Left2,1306.95,89,58,52,3,2542422North-Left2,4301353922,G,0.78,561514.9965075918,4440483.8617528975,358.0,FNL,500.0,FEL
633,25,4,2,4,2,2,North-Left1,1306.95,89,58,52,3,2542422North-Left1,4301353922,G,0.78,561514.9965075918,4440483.8617528975,358.0,FNL,500.0,FEL
634,25,4,2,4,2,2,North-Right1,1306.95,89,58,52,3,2542422North-Right1,4301353922,G,0.78,561514.9965075918,4440483.8617528975,358.0,FNL,500.0,FEL
635,25,4,2,4,2,2,North-Right2,1306.95,89,58,52,3,2542422North-Right2,4301353922,G,0.78,561514.9965075918,4440483.8617528975,358.0,FNL,500.0,FEL
636,25,4,2,4,2,2,South-Left2,1329.64,89,54,40,2,2542422South-Left2,4301353922,G,0.78,561514.9965075918,4440483.8617528975,358.0,FNL,500.0,FEL
637,25,4,2,4,2,2,South-Left1,1329.64,89,54,40,2,2542422South-Left1,4301353922,G,0.78,561514.9965075918,4440483.8617528975,358.0,FNL,500.0,FEL
638,25,4,2,4,2,2,South-Right1,1329.64,89,54,40,2,2542422South-Right1,4301353922,G,0.78,561514.9965075918,4440483.8617528975,358.0,FNL,500.0,FEL
639,25,4,2,4,2,2,South-Right2,1329.64,89,54,40,2,2542422South-Right2,4301353922,G,0.78,561514.9965075918,4440483.8617528975,358.0,FNL,500.0,FEL
640,3,8,2,20,1,1,West-Up2,1352.22,0,45,17,4,3822011West-Up2,4304756038,T,0.0,613865.8460521236,4444830.265204146,604.0,FSL,248.0,FWL
641,3,8,2,20,1,1,West-Up1,1316.02,0,44,39,4,3822011West-Up1,4304756038,T,0.0,613865.8460521236,4444830.265204146,604.0,FSL,248.0,FWL
642,3,8,2,20,1,1,West-Down1,1326.2,0,27,22,4,3822011West-Down1,4304756038,T,0.0,613865.8460521236,4444830.265204146,604.0,FSL,248.0,FWL
643,3,8,2,20,1,1,West-Down2,1326.2,0,27,22,4,3822011West-Down2,4304756038,T,0.0,613865.8460521236,4444830.265204146,604.0,FSL,248.0,FWL
644,3,8,2,20,1,1,East-Up2,1328.785,2,40,4,4,3822011East-Up2,4304756038,T,0.0,613865.8460521236,4444830.265204146,604.0,FSL,248.0,FWL
645,3,8,2,20,1,1,East-Up1,1328.785,2,40,4,4,3822011East-Up1,4304756038,T,0.0,613865.8460521236,4444830.265204146,604.0,FSL,248.0,FWL
646,3,8,2,20,1,1,East-Down1,1320.115,0,25,18,2,3822011East-Down1,4304756038,T,0.0,613865.8460521236,4444830.265204146,604.0,FSL,248.0,FWL
647,3,8,2,20,1,1,East-Down2,1320.115,0,25,18,2,3822011East-Down2,4304756038,T,0.0,613865.8460521236,4444830.265204146,604.0,FSL,248.0,FWL
648,3,8,2,20,1,1,North-Left2,1315.74,89,49,34,3,3822011North-Left2,4304756038,T,0.0,613865.8460521236,4444830.265204146,604.0,FSL,248.0,FWL
649,3,8,2,20,1,1,North-Left1,1315.74,89,49,34,3,3822011North-Left1,4304756038,T,0.0,613865.8460521236,4444830.265204146,604.0,FSL,248.0,FWL
650,3,8,2,20,1,1,North-Right1,1330.985,89,17,56,3,3822011North-Right1,4304756038,T,0.0,613865.8460521236,4444830.265204146,604.0,FSL,248.0,FWL
651,3,8,2,20,1,1,North-Right2,1330.985,89,17,56,3,3822011North-Right2,4304756038,T,0.0,613865.8460521236,4444830.265204146,604.0,FSL,248.0,FWL
652,3,8,2,20,1,1,South-Left2,1335.475,89,17,29,3,3822011South-Left2,4304756038,T,0.0,613865.8460521236,4444830.265204146,604.0,FSL,248.0,FWL
653,3,8,2,20,1,1,South-Left1,1335.475,89,17,29,3,3822011South-Left1,4304756038,T,0.0,613865.8460521236,4444830.265204146,604.0,FSL,248.0,FWL
654,3,8,2,20,1,1,South-Right1,1335.475,89,17,29,3,3822011South-Right1,4304756038,T,0.0,613865.8460521236,4444830.265204146,604.0,FSL,248.0,FWL
655,3,8,2,20,1,1,South-Right2,1335.475,89,17,29,3,3822011South-Right2,4304756038,T,0.0,613865.8460521236,4444830.265204146,604.0,FSL,248.0,FWL
